Workbook
Name PRINT_AREA_MI: #REF!
Name PRINT_AREA_MI: #REF!
Name PRINT_AREA_MI: #REF!
Name PRINT_AREA_MI: #REF!
Name PRINT_AREA_MI: #REF!
Name PRINT_AREA_MI: #REF!
Name PRINT_AREA_MI: #REF!
Name PRINT_AREA_MI: #REF!
Name PRINT_AREA_MI: #REF!
Name ㅁ1: #REF!
Name ㅁ1: #REF!
Name ㅁ1: #REF!
Name ㅁ1: #REF!
Name ㅁ1: #REF!
Name ㅁ1: #REF!
Name ㅁ1: #REF!
Name ㅁ1: #REF!
Name ㅁ1: #REF!
Name 영재학교: #REF!
Name 초등학교: #REF!
Name 초등학교: #REF!
Name 초등학교: #REF!
Name 초등학교: #REF!
Name 초등학교: #REF!
Name 초등학교: #REF!

Sheet 총괄
A1: □ 2026. 4. 1.자 학교 현황
A2: ▶ 작성기준일: 2026. 4. 1.자
A3: 구분 | C3: 유치원 | F3: 초등학교 | H3: 중학교 | I3: 고등학교 | J3: 특수학교 | K3: 각종학교 | M3: 국제학교 | N3: 방송통신 중고등학교 | O3: 학력인정 평생교육시설 | P3: 합계
C4: 단설 | D4: 병설 | E4: 계 | G4: (분교) | L4: (위탁) | Q4: (분교) | R4: (위탁)
A5: 국립 | B5: 학교수 | F5: =초등학교!D316 -> 1 | I5: =[1]고등학교!$D$212 -> 1 | P5: =E5+F5+H5+I5+J5+N5+K5+M5+O5 -> 2 | Q5: =G5 -> 0 | R5: =L5 -> 0
B6: 학급수 | F6: =초등학교!U316 -> 25 | I6: =고등학교!S212 -> 18 | P6: =E6+F6+H6+I6+J6+N6+K6+M6+O6 -> 43 | Q6: =G6 -> 0 | R6: =L6 -> 0
B7: 학생수 | F7: =초등학교!AH316 -> 543 | I7: =고등학교!Z212 -> 310 | P7: =E7+F7+H7+I7+J7+N7+K7+M7+O7 -> 853 | Q7: =G7 -> 0 | R7: =L7 -> 0
A8: 공립 | B8: 학교수 | C8: 20 | D8: =유치원!E438-C8 -> 183 | E8: =SUM(C8:D8) -> 203 | F8: 263 | G8: 7 | H8: =중학교!D188 -> 137 | I8: =[1]고등학교!$D$213 -> 95 | J8: 6 | K8: 2 | L8: 2 | N8: =방송통신중고등학교!D9 -> 3 | P8: =E8+F8+H8+I8+J8+N8+K8+M8+O8 -> 709 | Q8: =G8 -> 7 | R8: =L8 -> 2
B9: 학급수 | C9: =유치원!BB79+유치원!BB84+유치원!BB85+유치원!BB125+유치원!BB167+유치원!BB204+유치원!BB223+유치원!BB226+유치원!BB275+유치원!BB281+유치원!BB284+유치원!BB329+유치원!BB334+유치원!BB346+유치원!BB348+유치원!BB356+유치원!BB360+유치원!BB361+유치원!BB362+유치원!BB418+유치원!BG79+유치원!BG84+유치원!BG85+유치원!BG125+유치원!BG167+유치원!BG204+유치원!BG223+유치원!BG226+유치원!BG275+유치원!BG281+유치원!BG284+유치원!BG329+유치원!BG334+유치원!BG346+유치원!BG348+유치원!BG356+유치원!BG360+유치원!BG361+유치원!BG362+유치원!BG418 -> 269 | D9: =유치원!BB438+유치원!BG438-C9 -> 479 | E9: =SUM(C9:D9) -> 748 | F9: =초등학교!U317-G9 -> 6789 | G9: =초등학교!U48+초등학교!U49+초등학교!U50+초등학교!U51+초등학교!U52+초등학교!U65+초등학교!U125 -> 18 | H9: =중학교!S188 -> 3048 | I9: =고등학교!S213 -> 2357 | J9: =특수학교!L99 -> 283 | K9: ='각종학교(각종,대안,외국인)'!S8+'각종학교(각종,대안,외국인)'!S9 -> 16 | L9: ='각종학교(각종,대안,외국인)'!S6+'각종학교(각종,대안,외국인)'!S7 -> 15 | N9: =방송통신중고등학교!P9 -> 24 | P9: =E9+F9+H9+I9+J9+N9+K9+M9+O9 -> 13265 | Q9: =G9 -> 18 | R9: =L9 -> 15
B10: 학생수 | C10: =유치원!BF79+유치원!BF84+유치원!BF85+유치원!BF125+유치원!BF167+유치원!BF204+유치원!BF223+유치원!BF226+유치원!BF275+유치원!BF281+유치원!BF284+유치원!BF329+유치원!BF334+유치원!BF346+유치원!BF348+유치원!BF356+유치원!BF360+유치원!BF361+유치원!BF362+유치원!BF418+유치원!BK79+유치원!BK84+유치원!BK85+유치원!BK125+유치원!BK167+유치원!BK204+유치원!BK223+유치원!BK226+유치원!BK275+유치원!BK281+유치원!BK284+유치원!BK329+유치원!BK334+유치원!BK346+유치원!BK348+유치원!BK356+유치원!BK360+유치원!BK361+유치원!BK362+유치원!BK418 -> 3180 | D10: =유치원!BF438+유치원!BK438-C10 -> 4750 | E10: =SUM(C10:D10) -> 7930 | F10: =초등학교!AH317-G10 -> 136131 | G10: =초등학교!AH48+초등학교!AH49+초등학교!AH50+초등학교!AH51+초등학교!AH52+초등학교!AH65+초등학교!AH125 -> 63 | H10: =중학교!Z188 -> 77831 | I10: =고등학교!Z213 -> 55042 | J10: =특수학교!L100 -> 1650 | K10: ='각종학교(각종,대안,외국인)'!AH8+'각종학교(각종,대안,외국인)'!AH9 -> 120 | L10: ='각종학교(각종,대안,외국인)'!AI6+'각종학교(각종,대안,외국인)'!AI7+'각종학교(각종,대안,외국인)'!AI8 -> 1791 | N10: =방송통신중고등학교!W9 -> 531 | P10: =E10+F10+H10+I10+J10+N10+K10+M10+O10 -> 279235 | Q10: =G10 -> 63 | R10: =L10 -> 1791
A11: 사립 | B11: 학교수 | C11: =유치원!E439 -> 188 | E11: =SUM(C11:D11) -> 188 | F11: =초등학교!D318 -> 5 | H11: =중학교!D189 -> 10 | I11: =[1]고등학교!$D$214 -> 33 | J11: 4 | K11: ='각종학교(각종,대안,외국인)'!E14 -> 3 | M11: ='외국교육기관(국제학교)'!D8 -> 2 | O11: =학력인정평생교육시설!D9 -> 2 | P11: =E11+F11+H11+I11+J11+N11+K11+M11+O11 -> 247 | Q11: =G11 -> 0 | R11: =L11 -> 0
B12: 학급수 | C12: =유치원!BB439+유치원!BG439 -> 1212 | E12: =SUM(C12:D12) -> 1212 | F12: =초등학교!U318 -> 79 | H12: =중학교!S189 -> 148 | I12: =고등학교!S214 -> 837 | J12: =특수학교!Q99 -> 81 | K12: ='각종학교(각종,대안,외국인)'!S11+'각종학교(각종,대안,외국인)'!S12+'각종학교(각종,대안,외국인)'!S13 -> 56 | M12: ='외국교육기관(국제학교)'!P8 -> 97 | O12: =학력인정평생교육시설!P9+학력인정평생교육시설!Q9 -> 45 | P12: =E12+F12+H12+I12+J12+N12+K12+M12+O12 -> 2555 | Q12: =G12 -> 0 | R12: =L12 -> 0
B13: 학생수 | C13: =유치원!BF439+유치원!BK439 -> 25257 | E13: =SUM(C13:D13) -> 25257 | F13: =초등학교!AH318 -> 2099 | H13: =중학교!Z189 -> 3667 | I13: =고등학교!Z214 -> 19877 | J13: =특수학교!Q100 -> 377 | K13: ='각종학교(각종,대안,외국인)'!AH11+'각종학교(각종,대안,외국인)'!AH12+'각종학교(각종,대안,외국인)'!AH13 -> 940 | M13: ='외국교육기관(국제학교)'!Y8 -> 1960 | O13: =학력인정평생교육시설!Z9+학력인정평생교육시설!AA9 -> 1297 | P13: =E13+F13+H13+I13+J13+N13+K13+M13+O13 -> 55474 | Q13: =G13 -> 0 | R13: =L13 -> 0
A14: 합계 | B14: 학교수 | C14: =C5+C8+C11 -> 208 | D14: =D5+D8+D11 -> 183 | E14: =E5+E8+E11 -> 391 | F14: =F5+F8+F11 -> 269 | G14: =G5+G8+G11 -> 7 | H14: =H5+H8+H11 -> 147 | I14: =I5+I8+I11 -> 129 | J14: =J5+J8+J11 -> 10 | ... O14: =O5+O8+O11 -> 2 | P14: =E14+F14+H14+I14+J14+N14+K14+M14+O14 -> 958 | Q14: =G14 -> 7 | R14: =L14 -> 2
B15: 학급수 | C15: =C6+C9+C12 -> 1481 | D15: =D6+D9+D12 -> 479 | E15: =E6+E9+E12 -> 1960 | F15: =F6+F9+F12 -> 6893 | G15: =G6+G9+G12 -> 18 | H15: =H6+H9+H12 -> 3196 | I15: =I6+I9+I12 -> 3212 | J15: =J6+J9+J12 -> 364 | ... O15: =O6+O9+O12 -> 45 | P15: =E15+F15+H15+I15+J15+N15+K15+M15+O15 -> 15863 | Q15: =G15 -> 18 | R15: =L15 -> 15
B16: 학생수 | C16: =C7+C10+C13 -> 28437 | D16: =D7+D10+D13 -> 4750 | E16: =E7+E10+E13 -> 33187 | F16: =F7+F10+F13 -> 138773 | G16: =G7+G10+G13 -> 63 | H16: =H7+H10+H13 -> 81498 | I16: =I7+I10+I13 -> 75229 | J16: =J7+J10+J13 -> 2027 | ... O16: =O7+O10+O13 -> 1297 | P16: =E16+F16+H16+I16+J16+N16+K16+M16+O16 -> 335562 | Q16: =G16 -> 63 | R16: =L16 -> 1791
A19: ※ 2025. 4. 1.자와 비교(변동사항)
A20: 구분 | C20: 유치원 | E20: 초등학교 | G20: 중학교 | H20: 고등학교 | I20: 특수학교 | J20: 각종학교 | K20: 국제학교 | L20: 방송통신 중고등학교 | M20: 학력인정 평생교육시설 | N20: 합계 | O20: 비고
C21: 단설 | D21: 병설 | E21: 본교 | F21: 분교
A22: 2025년도 | C22: 211 | D22: 180 | E22: 265 | F22: 7 | G22: 145 | H22: 128 | I22: 10 | J22: 7 | K22: 2 | L22: 3 | M22: 2 | N22: 960
A23: 2026년도 | C23: =C14 -> 208 | D23: =D14 -> 183 | E23: =F14 -> 269 | F23: =G14 -> 7 | G23: =H14 -> 147 | H23: =I14 -> 129 | I23: =J14 -> 10 | J23: =K14+L14 -> 7 | K23: =L14 -> 2 | L23: =N14 -> 3 | M23: =O14 -> 2 | N23: =SUM(C23:M23) -> 967
A24: 증감 | C24: =C23-C22 -> -3 | D24: =D23-D22 -> 3 | E24: =E23-E22 -> 4 | F24: =F23-F22 -> 0 | G24: =G23-G22 -> 2 | H24: =H23-H22 -> 1 | I24: =I23-I22 -> 0 | J24: =J23-J22 -> 0 | ... N24: =N23-N22 -> 7
A25: 개교(원) | B25: 공립 | D25: 3 | E25: 4 | G25: 2 | H25: 1 | N25: =SUM(C25:M25) -> 10 | O25: - 유치원 인천달빛초등학교병설유치원(26.3.) 인천윤슬초등학교병설유치원(26.3.) 인천검단호수초등학교병설유치원(26.3.) - 초등학교 인천신검단초등학교(25.9.) 인천달빛초등학교(26.3.) 인천윤슬초등학교(26.3.) 인천검단호수초등학교(26.3.) - 중학교 인천검단가온중학교(26.3.) 인천단봉중학교(26.3.) - 고등학교 인천운남고등학교(26.3.)
B26: 사립 | N26: =SUM(C26:M26) -> 0
A27: 소계 | C27: =SUM(C25:C26) -> 0 | D27: =SUM(D25:D26) -> 3 | E27: =SUM(E25:E26) -> 4 | F27: =SUM(F25:F26) -> 0 | G27: =SUM(G25:G26) -> 2 | H27: =SUM(H25:H26) -> 1 | I27: =SUM(I25:I26) -> 0 | J27: =SUM(J25:J26) -> 0 | ... N27: =SUM(N25:N26) -> 10
A28: 폐교(원) | B28: 공립 | N28: =SUM(C28:M28) -> 0
B29: 사립 | C29: 3 | N29: =SUM(C29:M29) -> 3 | O29: - 유치원 이노필유치원(25.5.) 뿌리유치원(26.3.) 성아유치원(26.4.)
A30: 소계 | C30: =SUM(C28:C29) -> 3 | D30: =SUM(D28:D29) -> 0 | E30: =SUM(E28:E29) -> 0 | F30: =SUM(F28:F29) -> 0 | G30: =SUM(G28:G29) -> 0 | H30: =SUM(H28:H29) -> 0 | I30: =SUM(I28:I29) -> 0 | J30: =SUM(J28:J29) -> 0 | ... N30: =SUM(N28:N29) -> 3
A31: 합계 | C31: =C27-C30 -> -3 | D31: =D27-D30 -> 3 | E31: =E27-E30 -> 4 | F31: =F27-F30 -> 0 | G31: =G27-G30 -> 2 | H31: =H27-H30 -> 1 | I31: =I27-I30 -> 0 | J31: =J27-J30 -> 0 | ... N31: =N27-N30 -> 7

Sheet 구·군별
A1: □ 구·군별 각급학교 현황
A2: ▶ 작성기준일: 2026. 4. 1.자
A3: 구분 | B3: 유치원 | E3: 초등학교 | K3: 중학교 | N3: 고등학교 | Q3: 특수학교 | T3: 각종학교 | X3: 국제학교 | AA3: 방송통신중고등학교 | AD3: 학력인정평생교육시설 | AG3: 합계
B4: 학교수 | C4: 학급수 | D4: 학생수 | E4: 학교수 | G4: 학급수 | I4: 학생수 | K4: 학교수 | L4: 학급수 | M4: 학생수 | N4: 학교수 | O4: 학급수 | P4: 학생수 | Q4: 학교수 | R4: 학급수 | S4: 학생수 | T4: 학교수 | U4: 학급수 | V4: 학생수 | X4: 학교수 | Y4: 학급수 | Z4: 학생수 | AA4: 학교수 | AB4: 학급수 | AC4: 학생수 | AD4: 학교수 | AE4: 학급수 | AF4: 학생수 | AG4: 학교수 | AI4: 학급수 | AK4: 학생수
F5: 분교 | H5: 분교 | J5: 분교 | W5: (위탁학생수) | AH5: 분교 | AI5: 학급수 | AJ5: 분교 | AL5: 분교 | AM5: (위탁학생수)
A6: 미추홀구 | B6: =유치원!F50 -> 40 | C6: =유치원!BB50+유치원!BG50 -> 173 | D6: =유치원!BF50+유치원!BK50 -> 3057 | E6: =초등학교!E30 -> 23 | G6: =초등학교!U30 -> 717 | I6: =초등학교!AH30 -> 14748 | K6: =중학교!F20 -> 12 | L6: =중학교!S20 -> 303 | M6: =중학교!Z20 -> 7668 | N6: =고등학교!F28 -> 15 | O6: =고등학교!S28 -> 414 | P6: =고등학교!Z28 -> 8104 | Q6: 1 | R6: =특수학교!J99 -> 57 | S6: =특수학교!J100 -> 333 | AD6: 1 | AE6: =학력인정평생교육시설!P7+학력인정평생교육시설!Q7 -> 24 | AF6: =학력인정평생교육시설!Z7+학력인정평생교육시설!AA7 -> 959 | AG6: =B6+E6+K6+N6+Q6+T6+X6+AA6+AD6 -> 92 | AH6: =F6 -> 0 | AI6: =C6+G6+L6+O6+R6+U6+Y6+AB6+AE6 -> 1688 | AJ6: =H6 -> 0 | AK6: =D6+I6+M6+P6+S6+V6+Z6+AC6+AF6 -> 34869 | AL6: =J6 -> 0 | AM6: =W6 -> 0
A7: 동구 | B7: =유치원!F65 -> 12 | C7: =유치원!BB65+유치원!BG65 -> 38 | D7: =유치원!BF65+유치원!BK65 -> 528 | E7: =초등학교!E41 -> 8 | G7: =초등학교!U41 -> 146 | I7: =초등학교!AH41 -> 2803 | K7: =중학교!F26 -> 3 | L7: =중학교!S26 -> 54 | M7: =중학교!Z26 -> 1181 | N7: =고등학교!F35 -> 3 | O7: =고등학교!S35 -> 76 | P7: =고등학교!Z35 -> 1469 | T7: 1 | U7: ='각종학교(각종,대안,외국인)'!S6 -> 9 | W7: ='각종학교(각종,대안,외국인)'!AI6 -> 126 | AG7: =B7+E7+K7+N7+Q7+T7+X7+AA7+AD7 -> 27 | AH7: =F7 -> 0 | AI7: =C7+G7+L7+O7+R7+U7+Y7+AB7+AE7 -> 323 | AJ7: =H7 -> 0 | AK7: =D7+I7+M7+P7+S7+V7+Z7+AC7+AF7 -> 5981 | AL7: =J7 -> 0 | AM7: =W7 -> 126
A8: 중구 | B8: =유치원!F102 -> 21 | C8: =유치원!BB102+유치원!BG102 -> 136 | D8: =유치원!BF102+유치원!BK102 -> 2170 | E8: =(COUNTA(초등학교!E55:E73))-F8 -> 17 | F8: =COUNTA(초등학교!E65) -> 1 | G8: =초등학교!U75-H8 -> 472 | H8: 7 | I8: =초등학교!AH75-J8 -> 9664 | J8: 42 | K8: =중학교!F47 -> 11 | L8: =중학교!S47 -> 231 | M8: =중학교!Z47 -> 5819 | N8: =고등학교!F70 -> 16 | O8: 360 | P8: =고등학교!Z70 -> 7925 | T8: 1 | U8: ='각종학교(각종,대안,외국인)'!S12 -> 13 | V8: ='각종학교(각종,대안,외국인)'!AH12 -> 347 | AA8: 1 | AB8: =방송통신중고등학교!P8 -> 6 | AC8: =방송통신중고등학교!W8 -> 138 | AG8: =B8+E8+K8+N8+Q8+T8+X8+AA8+AD8 -> 67 | AH8: =F8 -> 1 | AI8: =C8+G8+L8+O8+R8+U8+Y8+AB8+AE8 -> 1218 | AJ8: =H8 -> 7 | AK8: =D8+I8+M8+P8+S8+V8+Z8+AC8+AF8 -> 26063 | AL8: =J8 -> 42 | AM8: =W8 -> 0
A9: 옹진군 | B9: =유치원!F78 -> 10 | C9: =유치원!BB78+유치원!BG78 -> 10 | D9: =유치원!BF78+유치원!BK78 -> 38 | E9: =(COUNTA(초등학교!E42:E52))-F9 -> 6 | F9: =COUNTA(초등학교!E48:E52) -> 5 | G9: =초등학교!U54-H9 -> 40 | H9: =초등학교!U48+초등학교!U49+초등학교!U50+초등학교!U51+초등학교!U52 -> 7 | I9: =초등학교!AH54-J9 -> 281 | J9: =초등학교!AH48+초등학교!AH49+초등학교!AH50+초등학교!AH51+초등학교!AH52 -> 15 | K9: =중학교!F33 -> 5 | L9: =중학교!S33 -> 23 | M9: =중학교!Z33 -> 199 | N9: =고등학교!F43 -> 5 | O9: =고등학교!S43 -> 24 | P9: =고등학교!Z43 -> 216 | AG9: =B9+E9+K9+N9+Q9+T9+X9+AA9+AD9 -> 26 | AH9: =F9 -> 5 | AI9: =C9+G9+L9+O9+R9+U9+Y9+AB9+AE9 -> 97 | AJ9: =H9 -> 7 | AK9: =D9+I9+M9+P9+S9+V9+Z9+AC9+AF9 -> 734 | AL9: =J9 -> 15 | AM9: =W9 -> 0
A10: 부평구 | B10: =유치원!F165 -> 60 | C10: =유치원!BB165+유치원!BG165 -> 244 | D10: =유치원!BF165+유치원!BK165 -> 3878 | E10: =초등학교!E120 -> 42 | G10: =초등학교!U120 -> 1005 | I10: =초등학교!AH120 -> 19189 | K10: =중학교!F70 -> 21 | L10: =중학교!S70 -> 453 | M10: =중학교!Z70 -> 11120 | N10: =고등학교!F98 -> 19 | O10: =고등학교!S98 -> 442 | P10: =고등학교!Z98 -> 9934 | Q10: 4 | R10: =특수학교!Q99 -> 81 | S10: =특수학교!Q100 -> 377 | T10: 1 | U10: ='각종학교(각종,대안,외국인)'!S7 -> 6 | W10: ='각종학교(각종,대안,외국인)'!AI7 -> 1661 | AD10: 1 | AE10: =학력인정평생교육시설!P8+학력인정평생교육시설!Q8 -> 21 | AF10: =학력인정평생교육시설!Z8+학력인정평생교육시설!AA8 -> 338 | AG10: =B10+E10+K10+N10+Q10+T10+X10+AA10+AD10 -> 148 | AH10: =F10 -> 0 | AI10: =C10+G10+L10+O10+R10+U10+Y10+AB10+AE10 -> 2252 | AJ10: =H10 -> 0 | AK10: =D10+I10+M10+P10+S10+V10+Z10+AC10+AF10 -> 44836 | AL10: =J10 -> 0 | AM10: =W10 -> 1661
A11: 계양구 | B11: =유치원!F201 -> 33 | C11: =유치원!BB201+유치원!BG201 -> 127 | D11: =유치원!BF201+유치원!BK201 -> 2109 | E11: =(COUNTA(초등학교!E121:E148))-F11 -> 26 | F11: 1 | G11: =초등학교!U150-H11 -> 487 | H11: =초등학교!U125 -> 4 | I11: =초등학교!AH150-J11 -> 9171 | J11: =초등학교!AH125 -> 6 | K11: =중학교!F87 -> 15 | L11: =중학교!S87 -> 258 | M11: =중학교!Z87 -> 5838 | N11: =고등학교!F113 -> 11 | O11: =고등학교!S113 -> 256 | P11: =고등학교!Z113 -> 5850 | Q11: 1 | R11: =특수학교!F99 -> 43 | S11: =특수학교!F100 -> 250 | AG11: =B11+E11+K11+N11+Q11+T11+X11+AA11+AD11 -> 86 | AH11: =F11 -> 1 | AI11: =C11+G11+L11+O11+R11+U11+Y11+AB11+AE11 -> 1171 | AJ11: =H11 -> 4 | AK11: =D11+I11+M11+P11+S11+V11+Z11+AC11+AF11 -> 23218 | AL11: =J11 -> 6 | AM11: =W11 -> 0
A12: 남동구 | B12: =유치원!F265 -> 61 | C12: =유치원!BB265+유치원!BG265 -> 323 | D12: =유치원!BF265+유치원!BK265 -> 5415 | E12: =초등학교!E191 -> 39 | G12: =초등학교!U191 -> 981 | I12: =초등학교!AH191 -> 19810 | K12: =중학교!F112 -> 22 | L12: =중학교!S112 -> 518 | M12: =중학교!Z112 -> 13679 | N12: =고등학교!F136 -> 16 | O12: =고등학교!S136 -> 469 | P12: =고등학교!Z136 -> 11758 | Q12: 2 | R12: =특수학교!H99+특수학교!I99 -> 82 | S12: =특수학교!H100+특수학교!I100 -> 481 | T12: 2 | U12: ='각종학교(각종,대안,외국인)'!S8+'각종학교(각종,대안,외국인)'!S9 -> 16 | V12: ='각종학교(각종,대안,외국인)'!AH8+'각종학교(각종,대안,외국인)'!AH9 -> 120 | W12: ='각종학교(각종,대안,외국인)'!AI8 -> 4 | AA12: 1 | AB12: =방송통신중고등학교!P6 -> 6 | AC12: =방송통신중고등학교!W6 -> 135 | AG12: =B12+E12+K12+N12+Q12+T12+X12+AA12+AD12 -> 143 | AH12: =F12 -> 0 | AI12: =C12+G12+L12+O12+R12+U12+Y12+AB12+AE12 -> 2395 | AJ12: =H12 -> 0 | AK12: =D12+I12+M12+P12+S12+V12+Z12+AC12+AF12 -> 51398 | AL12: =J12 -> 0 | AM12: =W12 -> 4
A13: 연수구 | B13: =유치원!F318 -> 50 | C13: =유치원!BB318+유치원!BG318 -> 332 | D13: =유치원!BF318+유치원!BK318 -> 6174 | E13: =초등학교!E228 -> 34 | G13: =초등학교!U228 -> 1133 | I13: =초등학교!AH228 -> 24805 | K13: =중학교!F135 -> 20 | L13: =중학교!S135 -> 519 | M13: =중학교!Z135 -> 14395 | N13: =고등학교!F160 -> 16 | O13: =고등학교!S160 -> 475 | P13: =고등학교!Z160 -> 12125 | Q13: 1 | R13: =특수학교!G99 -> 48 | S13: =특수학교!G100 -> 285 | T13: 1 | U13: ='각종학교(각종,대안,외국인)'!S11 -> 3 | V13: ='각종학교(각종,대안,외국인)'!AH11 -> 38 | X13: ='외국교육기관(국제학교)'!D8 -> 2 | Y13: ='외국교육기관(국제학교)'!P8 -> 97 | Z13: ='외국교육기관(국제학교)'!Y8 -> 1960 | AA13: 1 | AB13: =방송통신중고등학교!P7 -> 12 | AC13: =방송통신중고등학교!W7 -> 258 | AG13: =B13+E13+K13+N13+Q13+T13+X13+AA13+AD13 -> 125 | AH13: =F13 -> 0 | AI13: =C13+G13+L13+O13+R13+U13+Y13+AB13+AE13 -> 2619 | AJ13: =H13 -> 0 | AK13: =D13+I13+M13+P13+S13+V13+Z13+AC13+AF13 -> 60040 | AL13: =J13 -> 0 | AM13: =W13 -> 0
A14: 서구 | B14: =유치원!F407 -> 86 | C14: =유치원!BB407+유치원!BG407 -> 541 | D14: =유치원!BF407+유치원!BK407 -> 9528 | E14: =초등학교!E284 -> 54 | G14: =초등학교!U284 -> 1754 | I14: =초등학교!AH284 -> 36614 | K14: =중학교!F166 -> 29 | L14: =중학교!S166 -> 769 | M14: =중학교!Z166 -> 20364 | N14: =고등학교!F188 -> 20 | O14: =고등학교!S188 -> 613 | P14: =고등학교!Z188 -> 16205 | Q14: 1 | R14: =특수학교!K99 -> 53 | S14: =특수학교!K100 -> 301 | T14: 1 | U14: ='각종학교(각종,대안,외국인)'!S13 -> 40 | V14: ='각종학교(각종,대안,외국인)'!AH13 -> 555 | AG14: =B14+E14+K14+N14+Q14+T14+X14+AA14+AD14 -> 191 | AH14: =F14 -> 0 | AI14: =C14+G14+L14+O14+R14+U14+Y14+AB14+AE14 -> 3770 | AJ14: =H14 -> 0 | AK14: =D14+I14+M14+P14+S14+V14+Z14+AC14+AF14 -> 83567 | AL14: =J14 -> 0 | AM14: =W14 -> 0
A15: 강화군 | B15: =유치원!F428 -> 18 | C15: =유치원!BB428+유치원!BG428 -> 36 | D15: =유치원!BF428+유치원!BK428 -> 290 | E15: =초등학교!E306 -> 20 | G15: =초등학교!U306 -> 158 | I15: =초등학교!AH306 -> 1688 | K15: =중학교!F178 -> 9 | L15: =중학교!S178 -> 68 | M15: =중학교!Z178 -> 1235 | N15: =고등학교!F203 -> 8 | O15: =고등학교!S203 -> 83 | P15: =고등학교!Z203 -> 1643 | AG15: =B15+E15+K15+N15+Q15+T15+X15+AA15+AD15 -> 55 | AH15: =F15 -> 0 | AI15: =C15+G15+L15+O15+R15+U15+Y15+AB15+AE15 -> 345 | AJ15: =H15 -> 0 | AK15: =D15+I15+M15+P15+S15+V15+Z15+AC15+AF15 -> 4856 | AL15: =J15 -> 0 | AM15: =W15 -> 0
A16: 합계 | B16: =SUM(B6:B15) -> 391 | C16: =SUM(C6:C15) -> 1960 | D16: =SUM(D6:D15) -> 33187 | E16: =SUM(E6:E15) -> 269 | F16: =SUM(F6:F15) -> 7 | G16: =SUM(G6:G15) -> 6893 | H16: =SUM(H6:H15) -> 18 | I16: =SUM(I6:I15) -> 138773 | ... AM16: =SUM(AM6:AM15) -> 1791
A18: ※ 학급수: 일반학급+특수학급+한국어학급
A22: □ 행정개편 이후 구·군별 각급학교 현황(2026.7.1.시행)
A23: ▶ 작성기준일: 2026. 4. 1.자
A24: 구분 | B24: 유치원 | E24: 초등학교 | K24: 중학교 | N24: 고등학교 | Q24: 특수학교 | T24: 각종학교 | X24: 국제학교 | AA24: 방송통신중고등학교 | AD24: 학력인정평생교육시설 | AG24: 합계
B25: 학교수 | C25: 학급수 | D25: 학생수 | E25: 학교수 | G25: 학급수 | I25: 학생수 | K25: 학교수 | L25: 학급수 | M25: 학생수 | N25: 학교수 | O25: 학급수 | P25: 학생수 | Q25: 학교수 | R25: 학급수 | S25: 학생수 | T25: 학교수 | U25: 학급수 | V25: 학생수 | X25: 학교수 | Y25: 학급수 | Z25: 학생수 | AA25: 학교수 | AB25: 학급수 | AC25: 학생수 | AD25: 학교수 | AE25: 학급수 | AF25: 학생수 | AG25: 학교수 | AI25: 학급수 | AK25: 학생수
F26: 분교 | H26: 분교 | J26: 분교 | W26: (위탁학생수) | AH26: 분교 | AI26: 학급수 | AJ26: 분교 | AL26: 분교 | AM26: (위탁학생수)
A27: 미추홀구 | B27: =유치원!F50 -> 40 | C27: =유치원!BB50+유치원!BG50 -> 173 | D27: =유치원!BF50+유치원!BK50 -> 3057 | E27: =E6 -> 23 | G27: =G6 -> 717 | I27: =I6 -> 14748 | K27: =K6 -> 12 | L27: =L6 -> 303 | M27: =M6 -> 7668 | N27: =N6 -> 15 | O27: =O6 -> 414 | P27: =P6 -> 8104 | Q27: =Q6 -> 1 | R27: =R6 -> 57 | ... AF27: =AF6 -> 959 | AG27: =B27+E27+K27+N27+Q27+T27+X27+AA27+AD27 -> 92 | AH27: =F27 -> 0 | AI27: =C27+G27+L27+O27+R27+U27+Y27+AB27+AE27 -> 1688 | AJ27: =H27 -> 0 | AK27: =D27+I27+M27+P27+S27+V27+Z27+AC27+AF27 -> 34869 | AL27: =J27 -> 0 | AM27: =AM6 -> 0
A28: 제물포구 | B28: 19 | C28: 76 | D28: 900 | E28: 14 | G28: 258 | I28: 4764 | K28: 8 | L28: 135 | M28: 2848 | N28: 11 | O28: 262 | P28: 5065 | T28: 2 | U28: =9+13 -> 22 | V28: 347 | W28: =W7 -> 126 | AA28: 1 | AB28: 6 | AC28: 138 | AG28: =B28+E28+K28+N28+Q28+T28+X28+AA28+AD28 -> 55 | AH28: =F28 -> 0 | AI28: =C28+G28+L28+O28+R28+U28+Y28+AB28+AE28 -> 759 | AJ28: =H28 -> 0 | AK28: =D28+I28+M28+P28+S28+V28+Z28+AC28+AF28 -> 14062 | AL28: =J28 -> 0 | AM28: =W28 -> 126
A29: 영종구 | B29: 14 | C29: =90+8 -> 98 | D29: =1767+31 -> 1798 | E29: 11 | F29: 1 | G29: 360 | H29: =초등학교!U65 -> 7 | I29: 7703 | J29: =초등학교!AH65 -> 42 | K29: 6 | L29: 150 | M29: 4152 | N29: 8 | O29: 174 | P29: 4329 | AG29: =B29+E29+K29+N29+Q29+T29+X29+AA29+AD29 -> 39 | AH29: =F29 -> 1 | AI29: =C29+G29+L29+O29+R29+U29+Y29+AB29+AE29 -> 782 | AJ29: =H29 -> 7 | AK29: =D29+I29+M29+P29+S29+V29+Z29+AC29+AF29 -> 17982 | AL29: =J29 -> 42 | AM29: =W29 -> 0
A30: 옹진군 | B30: =B9 -> 10 | C30: =C9 -> 10 | D30: =D9 -> 38 | E30: =E9 -> 6 | F30: =F9 -> 5 | G30: =G9 -> 40 | H30: =H9 -> 7 | I30: =I9 -> 281 | ... AF30: =AF9 -> 0 | AG30: =B30+E30+K30+N30+Q30+T30+X30+AA30+AD30 -> 26 | AH30: =F30 -> 5 | AI30: =C30+G30+L30+O30+R30+U30+Y30+AB30+AE30 -> 97 | AJ30: =H30 -> 7 | AK30: =D30+I30+M30+P30+S30+V30+Z30+AC30+AF30 -> 734 | AL30: =J30 -> 15 | AM30: =AM9 -> 0
A31: 부평구 | B31: =B10 -> 60 | C31: =C10 -> 244 | D31: =D10 -> 3878 | E31: =E10 -> 42 | F31: =F10 -> 0 | G31: =G10 -> 1005 | H31: =H10 -> 0 | I31: =I10 -> 19189 | ... AF31: =AF10 -> 338 | AG31: =B31+E31+K31+N31+Q31+T31+X31+AA31+AD31 -> 148 | AH31: =F31 -> 0 | AI31: =C31+G31+L31+O31+R31+U31+Y31+AB31+AE31 -> 2252 | AJ31: =H31 -> 0 | AK31: =D31+I31+M31+P31+S31+V31+Z31+AC31+AF31 -> 44836 | AL31: =J31 -> 0 | AM31: 1661
A32: 계양구 | B32: =B11 -> 33 | C32: =C11 -> 127 | D32: =D11 -> 2109 | E32: =E11 -> 26 | F32: =F11 -> 1 | G32: =G11 -> 487 | H32: =H11 -> 4 | I32: =I11 -> 9171 | ... AF32: =AF11 -> 0 | AG32: =B32+E32+K32+N32+Q32+T32+X32+AA32+AD32 -> 86 | AH32: =F32 -> 1 | AI32: =C32+G32+L32+O32+R32+U32+Y32+AB32+AE32 -> 1171 | AJ32: =H32 -> 4 | AK32: =D32+I32+M32+P32+S32+V32+Z32+AC32+AF32 -> 23218 | AL32: =J32 -> 6 | AM32: 0
A33: 남동구 | B33: =B12 -> 61 | C33: =C12 -> 323 | D33: =D12 -> 5415 | E33: =E12 -> 39 | F33: =F12 -> 0 | G33: =G12 -> 981 | H33: =H12 -> 0 | I33: =I12 -> 19810 | ... AF33: =AF12 -> 0 | AG33: =B33+E33+K33+N33+Q33+T33+X33+AA33+AD33 -> 143 | AH33: =F33 -> 0 | AI33: =C33+G33+L33+O33+R33+U33+Y33+AB33+AE33 -> 2395 | AJ33: =H33 -> 0 | AK33: =D33+I33+M33+P33+S33+V33+Z33+AC33+AF33 -> 51398 | AL33: =J33 -> 0 | AM33: 4
A34: 연수구 | B34: =B13 -> 50 | C34: =C13 -> 332 | D34: =D13 -> 6174 | E34: =E13 -> 34 | F34: =F13 -> 0 | G34: =G13 -> 1133 | H34: =H13 -> 0 | I34: =I13 -> 24805 | ... AF34: =AF13 -> 0 | AG34: =B34+E34+K34+N34+Q34+T34+X34+AA34+AD34 -> 125 | AH34: =F34 -> 0 | AI34: =C34+G34+L34+O34+R34+U34+Y34+AB34+AE34 -> 2619 | AJ34: =H34 -> 0 | AK34: =D34+I34+M34+P34+S34+V34+Z34+AC34+AF34 -> 60040 | AL34: =J34 -> 0 | AM34: 0
A35: 서구 | B35: 47 | C35: 269 | D35: =4755+74 -> 4829 | E35: 32 | G35: 933 | I35: 19489 | K35: 19 | L35: 428 | M35: 11500 | N35: 12 | O35: 362 | P35: 9325 | T35: 1 | U35: 40 | V35: 555 | AG35: =B35+E35+K35+N35+Q35+T35+X35+AA35+AD35 -> 111 | AH35: =F35 -> 0 | AI35: =C35+G35+L35+O35+R35+U35+Y35+AB35+AE35 -> 2032 | AJ35: =H35 -> 0 | AK35: =D35+I35+M35+P35+S35+V35+Z35+AC35+AF35 -> 45698 | AL35: =J35 -> 0 | AM35: =W35 -> 0
A36: 검단구 | B36: 39 | C36: 272 | D36: =4619+80 -> 4699 | E36: 22 | G36: 821 | I36: 17125 | K36: 10 | L36: 341 | M36: 8864 | N36: 8 | O36: 251 | P36: 6880 | Q36: 1 | R36: 53 | S36: 301 | AG36: =B36+E36+K36+N36+Q36+T36+X36+AA36+AD36 -> 80 | AH36: =F36 -> 0 | AI36: =C36+G36+L36+O36+R36+U36+Y36+AB36+AE36 -> 1738 | AJ36: =H36 -> 0 | AK36: =D36+I36+M36+P36+S36+V36+Z36+AC36+AF36 -> 37869 | AL36: =J36 -> 0 | AM36: =W36 -> 0
A37: 강화군 | B37: =B15 -> 18 | C37: =C15 -> 36 | D37: =D15 -> 290 | E37: =E15 -> 20 | G37: =G15 -> 158 | I37: =I15 -> 1688 | K37: =K15 -> 9 | L37: =L15 -> 68 | M37: =M15 -> 1235 | N37: =N15 -> 8 | O37: =O15 -> 83 | P37: =P15 -> 1643 | Q37: =Q15 -> 0 | R37: =R15 -> 0 | ... AF37: =AF15 -> 0 | AG37: =B37+E37+K37+N37+Q37+T37+X37+AA37+AD37 -> 55 | AH37: =F37 -> 0 | AI37: =C37+G37+L37+O37+R37+U37+Y37+AB37+AE37 -> 345 | AJ37: =H37 -> 0 | AK37: =D37+I37+M37+P37+S37+V37+Z37+AC37+AF37 -> 4856 | AL37: =J37 -> 0 | AM37: =AM15 -> 0
A38: 합계 | B38: =SUM(B27:B37) -> 391 | C38: =SUM(C27:C37) -> 1960 | D38: =SUM(D27:D37) -> 33187 | E38: =SUM(E27:E37) -> 269 | F38: =SUM(F27:F37) -> 7 | G38: =SUM(G27:G37) -> 6893 | H38: =SUM(H27:H37) -> 18 | I38: =SUM(I27:I37) -> 138773 | ... AM38: =SUM(AM27:AM37) -> 1791
A40: ※ 학급수: 일반학급+특수학급+한국어학급
AK41: =AK16-AK38 -> 0

Sheet (계열별)고등학교
A1: □ 계열별 고등학교 현황
A2: ▶ 작성기준일: 2026. 4. 1.자
A3: 구분 | B3: 일반계고등학교 | E3: 특성화고등학교 | H3: 특수목적고등학교 | K3: 자율형고등학교 | N3: 합계
B4: 학교수 | C4: 학급수 | D4: 학생수 | E4: 학교수 | F4: 학급수 | G4: 학생수 | H4: 학교수 | I4: 학급수 | J4: 학생수 | K4: 학교수 | L4: 학급수 | M4: 학생수 | N4: 학교수 | O4: 학급수 | P4: 학생수
A5: 미추홀구 | B5: =고등학교!D11+고등학교!D24 -> 8 | C5: =고등학교!S11+고등학교!S24 -> 225 | D5: =고등학교!Z11+고등학교!Z24 -> 4879 | E5: =고등학교!D17+고등학교!D26 -> 6 | F5: =고등학교!S17+고등학교!S26 -> 165 | G5: =고등학교!Z17+고등학교!Z26 -> 2876 | H5: =고등학교!D19 -> 1 | I5: =고등학교!S19 -> 24 | J5: =고등학교!Z19 -> 349 | N5: =B5+E5+H5+K5 -> 15 | O5: =C5+F5+I5+L5 -> 414 | P5: =D5+G5+J5+M5 -> 8104
A6: 동구 | B6: =고등학교!D30 -> 1 | C6: =고등학교!S30 -> 22 | D6: =고등학교!Z30 -> 454 | E6: =고등학교!D33 -> 2 | F6: =고등학교!S33 -> 54 | G6: =고등학교!Z33 -> 1015 | N6: =B6+E6+H6+K6 -> 3 | O6: =C6+F6+I6+L6 -> 76 | P6: =D6+G6+J6+M6 -> 1469
A7: 옹진군 | B7: =고등학교!D41 -> 5 | C7: =고등학교!S41 -> 24 | D7: =고등학교!Z41 -> 216 | N7: =B7+E7+H7+K7 -> 5 | O7: =C7+F7+I7+L7 -> 24 | P7: =D7+G7+J7+M7 -> 216
A8: 중구 | B8: =고등학교!D53+고등학교!D64 -> 8 | C8: =고등학교!S53+고등학교!S64 -> 198 | D8: =고등학교!Z53+고등학교!Z64 -> 4863 | E8: =고등학교!D57+고등학교!D66 -> 4 | F8: =고등학교!S57+고등학교!S66 -> 90 | G8: =고등학교!Z57+고등학교!Z66 -> 1471 | H8: =고등학교!D45+고등학교!D60 -> 3 | I8: =고등학교!S45+고등학교!S60 -> 48 | J8: =고등학교!Z45+고등학교!Z60 -> 925 | K8: 1 | L8: 24 | M8: 666 | N8: =B8+E8+H8+K8 -> 16 | O8: =C8+F8+I8+L8 -> 360 | P8: =D8+G8+J8+M8 -> 7925
A9: 부평구 | B9: =고등학교!D82+고등학교!D92 -> 14 | C9: =고등학교!S82+고등학교!S92 -> 327 | D9: =고등학교!Z82+고등학교!Z92 -> 7824 | E9: =고등학교!D85+고등학교!D94 -> 3 | F9: =고등학교!S85+고등학교!S94 -> 76 | G9: =고등학교!Z85+고등학교!Z94 -> 1210 | H9: =고등학교!D87+고등학교!D96 -> 2 | I9: =고등학교!S87+고등학교!S96 -> 39 | J9: =고등학교!Z87+고등학교!Z96 -> 900 | N9: =B9+E9+H9+K9 -> 19 | O9: =C9+F9+I9+L9 -> 442 | P9: =D9+G9+J9+M9 -> 9934
A10: 계양구 | B10: =고등학교!D109 -> 10 | C10: =고등학교!S109 -> 225 | D10: =고등학교!Z109 -> 5418 | E10: =고등학교!D111 -> 1 | F10: =고등학교!S111 -> 31 | G10: =고등학교!Z111 -> 432 | N10: =B10+E10+H10+K10 -> 11 | O10: =C10+F10+I10+L10 -> 256 | P10: =D10+G10+J10+M10 -> 5850
A11: 남동구 | B11: =고등학교!D123+고등학교!D132 -> 13 | C11: =고등학교!S123+고등학교!S132 -> 397 | D11: =고등학교!Z123+고등학교!Z132 -> 10234 | E11: =고등학교!D134 -> 1 | F11: =고등학교!S134 -> 27 | G11: =고등학교!Z134 -> 505 | H11: =고등학교!D126 -> 2 | I11: =고등학교!S126 -> 45 | J11: =고등학교!Z126 -> 1019 | N11: =B11+E11+H11+K11 -> 16 | O11: =C11+F11+I11+L11 -> 469 | P11: =D11+G11+J11+M11 -> 11758
A12: 연수구 | B12: =고등학교!D144+고등학교!D156 -> 10 | C12: =고등학교!S144+고등학교!S156 -> 331 | D12: =고등학교!Z144+고등학교!Z156 -> 9444 | E12: =고등학교!D149 -> 4 | F12: =고등학교!S149 -> 105 | G12: =고등학교!Z149 -> 1720 | H12: =고등학교!D151 -> 1 | I12: =고등학교!S151 -> 15 | J12: =고등학교!Z151 -> 238 | K12: 1 | L12: 24 | M12: 723 | N12: =B12+E12+H12+K12 -> 16 | O12: =C12+F12+I12+L12 -> 475 | P12: =D12+G12+J12+M12 -> 12125
A13: 서구 | B13: =고등학교!D174+고등학교!D182 -> 15 | C13: =고등학교!S174+고등학교!S182 -> 505 | D13: =고등학교!Z174+고등학교!Z182 -> 14091 | E13: =고등학교!D176+고등학교!D186 -> 4 | F13: =고등학교!S176+고등학교!S186 -> 98 | G13: =고등학교!Z176+고등학교!Z186 -> 1831 | H13: =고등학교!D178 -> 1 | I13: =고등학교!S178 -> 10 | J13: =고등학교!Z178 -> 283 | N13: =B13+E13+H13+K13 -> 20 | O13: =C13+F13+I13+L13 -> 613 | P13: =D13+G13+J13+M13 -> 16205
A14: 강화군 | B14: =고등학교!D193+고등학교!D198 -> 5 | C14: =고등학교!S193+고등학교!S198 -> 57 | D14: =고등학교!Z193+고등학교!Z198 -> 1186 | E14: =고등학교!D195+고등학교!D201 -> 3 | F14: =고등학교!S195+고등학교!S201 -> 26 | G14: =고등학교!Z195+고등학교!Z201 -> 457 | N14: =B14+E14+H14+K14 -> 8 | O14: =C14+F14+I14+L14 -> 83 | P14: =D14+G14+J14+M14 -> 1643
A15: 합계 | B15: =SUM(B5:B14) -> 89 | C15: =SUM(C5:C14) -> 2311 | D15: =SUM(D5:D14) -> 58609 | E15: =SUM(E5:E14) -> 28 | F15: =SUM(F5:F14) -> 672 | G15: =SUM(G5:G14) -> 11517 | H15: =SUM(H5:H14) -> 10 | I15: =SUM(I5:I14) -> 181 | ... P15: =SUM(P5:P14) -> 75229
A19: □ 행정개편 이후 계열별 고등학교 현황(2026.7.1.시행)
A20: ▶ 작성기준일: 2026. 4. 1.자
A21: 구분 | B21: 일반계고등학교 | E21: 특성화고등학교 | H21: 특수목적고등학교 | K21: 자율형고등학교 | N21: 합계
B22: 학교수 | C22: 학급수 | D22: 학생수 | E22: 학교수 | F22: 학급수 | G22: 학생수 | H22: 학교수 | I22: 학급수 | J22: 학생수 | K22: 학교수 | L22: 학급수 | M22: 학생수 | N22: 학교수 | O22: 학급수 | P22: 학생수
A23: 미추홀구 | B23: =B5 -> 8 | C23: =C5 -> 225 | D23: =D5 -> 4879 | E23: =E5 -> 6 | F23: =F5 -> 165 | G23: =G5 -> 2876 | H23: =H5 -> 1 | I23: =I5 -> 24 | ... M23: =M5 -> 0 | N23: =B23+E23+H23+K23 -> 15 | O23: =C23+F23+I23+L23 -> 414 | P23: =D23+G23+J23+M23 -> 8104
A24: 제물포구 | B24: 5 | C24: 112 | D24: 2476 | E24: 5 | F24: 132 | G24: 2279 | H24: 1 | I24: 18 | J24: 310 | N24: =B24+E24+H24+K24 -> 11 | O24: =C24+F24+I24+L24 -> 262 | P24: =D24+G24+J24+M24 -> 5065
A25: 영종구 | B25: 4 | C25: 108 | D25: 2841 | E25: 1 | F25: 12 | G25: 207 | H25: 2 | I25: 30 | J25: 615 | K25: 1 | L25: 24 | M25: 666 | N25: =B25+E25+H25+K25 -> 8 | O25: =C25+F25+I25+L25 -> 174 | P25: =D25+G25+J25+M25 -> 4329
A26: 옹진군 | B26: =B7 -> 5 | C26: =C7 -> 24 | D26: =D7 -> 216 | E26: =E7 -> 0 | F26: =F7 -> 0 | G26: =G7 -> 0 | H26: =H7 -> 0 | I26: =I7 -> 0 | ... M26: =M7 -> 0 | N26: =B26+E26+H26+K26 -> 5 | O26: =C26+F26+I26+L26 -> 24 | P26: =D26+G26+J26+M26 -> 216
A27: 부평구 | B27: =B9 -> 14 | C27: =C9 -> 327 | D27: =D9 -> 7824 | E27: =E9 -> 3 | F27: =F9 -> 76 | G27: =G9 -> 1210 | H27: =H9 -> 2 | I27: =I9 -> 39 | ... N27: =N9 -> 19 | O27: =C27+F27+I27+L27 -> 442 | P27: =D27+G27+J27+M27 -> 9934
A28: 계양구 | B28: =B10 -> 10 | C28: =C10 -> 225 | D28: =D10 -> 5418 | E28: =E10 -> 1 | F28: =F10 -> 31 | G28: =G10 -> 432 | H28: =H10 -> 0 | I28: =I10 -> 0 | ... N28: =N10 -> 11 | O28: =C28+F28+I28+L28 -> 256 | P28: =D28+G28+J28+M28 -> 5850
A29: 남동구 | B29: =B11 -> 13 | C29: =C11 -> 397 | D29: =D11 -> 10234 | E29: =E11 -> 1 | F29: =F11 -> 27 | G29: =G11 -> 505 | H29: =H11 -> 2 | I29: =I11 -> 45 | ... N29: =N11 -> 16 | O29: =C29+F29+I29+L29 -> 469 | P29: =D29+G29+J29+M29 -> 11758
A30: 연수구 | B30: =B12 -> 10 | C30: =C12 -> 331 | D30: =D12 -> 9444 | E30: =E12 -> 4 | F30: =F12 -> 105 | G30: =G12 -> 1720 | H30: =H12 -> 1 | I30: =I12 -> 15 | ... N30: =N12 -> 16 | O30: =C30+F30+I30+L30 -> 475 | P30: =D30+G30+J30+M30 -> 12125
A31: 서구 | B31: 9 | C31: 296 | D31: 7999 | E31: 2 | F31: 56 | G31: 1043 | H31: 1 | I31: 10 | J31: 283 | N31: =B31+E31+H31+K31 -> 12 | O31: =C31+F31+I31+L31 -> 362 | P31: =D31+G31+J31+M31 -> 9325
A32: 검단구 | B32: 6 | C32: 209 | D32: 6092 | E32: 2 | F32: 42 | G32: 788 | N32: =B32+E32+H32+K32 -> 8 | O32: =C32+F32+I32+L32 -> 251 | P32: =D32+G32+J32+M32 -> 6880
A33: 강화군 | B33: 5 | C33: 57 | D33: 1186 | E33: 3 | F33: 26 | G33: 457 | N33: =B33+E33+H33+K33 -> 8 | O33: =C33+F33+I33+L33 -> 83 | P33: =D33+G33+J33+M33 -> 1643
A34: 합계 | B34: =SUM(B23:B33) -> 89 | C34: =SUM(C23:C33) -> 2311 | D34: =SUM(D23:D33) -> 58609 | E34: =SUM(E23:E33) -> 28 | F34: =SUM(F23:F33) -> 672 | G34: =SUM(G23:G33) -> 11517 | H34: =SUM(H23:H33) -> 10 | I34: =SUM(I23:I33) -> 181 | ... P34: =SUM(P23:P33) -> 75229

Sheet 유치원
A1: □ 유치원 현황
A2: ▶ 작성기준일: 2026. 4. 1.자
A3: 취원권역 | B3: 구군별 | C3: 개편후 행정구역(2026.7.1.시행) | D3: 행정동 | E3: 설립별 | F3: 유치원명 | G3: 개원일자 | H3: 주소 | I3: 교지면적(㎡) | J3: 우편번호 | K3: 전화번호 | L3: 팩스번호 | M3: 인가 (정원) | P3: 편성 | BL3: 비고
P4: 일반학급 | V4: 특수학급 | AB4: 혼합반 | BB4: 일반학급 계 | BG4: 특수학급 계
P5: 3세반 | R5: 4세반 | T5: 5세반 | V5: 3세반 | X5: 4세반 | Z5: 5세반 | AB5: 3~4세반 | AJ5: 4~5세반 | AR5: 3~5세반 | BB5: 학급수 | BC5: 원아수 | BG5: 학급수 | BH5: 원아수
M6: 일반학급 | N6: 특수학급 | O6: 원아수 | P6: 학급수 | Q6: 원아수 | R6: 학급수 | S6: 원아수 | T6: 학급수 | U6: 원아수 | V6: 학급수 | W6: 원아수 | X6: 학급수 | Y6: 원아수 | Z6: 학급수 | AA6: 원아수 | AB6: 일반학급수 | AC6: 특수학급수 | AD6: 일반학급 원아수 | AG6: 특수학급 원아수 | AJ6: 일반학급수 | AK6: 특수학급수 | AL6: 일반학급 원아수 | AO6: 특수학급 원아수 | AR6: 일반학급수 | AS6: 특수학급수 | AT6: 일반학급 원아수 | AX6: 특수학급 원아수
AD7: 3세 | AE7: 4세 | AF7: 계 | AG7: 3세 | AH7: 4세 | AI7: 계 | AL7: 4세 | AM7: 5세 | AN7: 계 | AO7: 4세 | AP7: 5세 | AQ7: 계 | AT7: 3세 | AU7: 4세 | AV7: 5세 | AW7: 계 | AX7: 3세 | AY7: 4세 | AZ7: 5세 | BA7: 계 | BC7: 3세 | BD7: 4세 | BE7: 5세 | BF7: 계 | BH7: 3세 | BI7: 4세 | BJ7: 5세 | BK7: 계
A8: 3권역 | B8: 미추홀구 | C8: 미추홀구 | D8: 도화동 | E8: 공립 | F8: 인천대화초등학교병설유치원 | G8: 41334 | H8: 미추홀구 석정로 301번길(도화동 105-11) | I8: 11867 | J8: 22116 | K8: 629-1483 | L8: 867-1356 | M8: 2 | N8: 0 | O8: 36 | P8: 0 | Q8: 0 | R8: 0 | S8: 0 | T8: 1 | U8: 4 | V8: 0 | W8: 0 | X8: 0 | Y8: 0 | Z8: 0 | AA8: 0 | AB8: 1 | AC8: 0 | AD8: 1 | AE8: 3 | AF8: =SUM(AD8:AE8) -> 4 | AG8: 0 | AH8: 0 | AI8: =SUM(AG8:AH8) -> 0 | AJ8: 0 | AK8: 0 | AL8: 0 | AM8: 0 | AN8: =SUM(AL8:AM8) -> 0 | AO8: 0 | AP8: 0 | AQ8: 0 | AR8: 0 | AS8: 0 | AT8: 0 | AU8: 0 | AV8: 0 | AW8: 0 | AX8: 0 | AY8: 0 | AZ8: 0 | BA8: 0 | BB8: =SUM(P8,R8,T8,AB8,AJ8,AR8) -> 2 | BC8: =SUM(Q8,AD8,AT8) -> 1 | BD8: =SUM(S8,AE8,AL8,AU8) -> 3 | BE8: =SUM(U8,AM8,AV8) -> 4 | BF8: =SUM(BC8:BE8) -> 8 | BG8: =SUM(V8,X8,Z8,AC8,AK8,AS8) -> 0 | BH8: =SUM(W8,AG8,AX8) -> 0 | BI8: =SUM(Y8,AH8,AO8,AY8) -> 0 | BJ8: =SUM(AA8,AP8,AZ8) -> 0 | BK8: =SUM(BH8:BJ8) -> 0
A9: 3권역 | B9: 미추홀구 | C9: 미추홀구 | D9: 도화동 | E9: 공립 | F9: 인천도화초등학교병설유치원 | G9: 41334 | H9: 미추홀구 경인로 242(도화동 541-5) | I9: 12366 | J9: 22165 | K9: 629-0575 | L9: 865-6137 | M9: 2 | N9: 1 | O9: 36 | T9: 1 | U9: 7 | AB9: 1 | AD9: 6 | AE9: 7 | AF9: =SUM(AD9:AE9) -> 13 | AI9: =SUM(AG9:AH9) -> 0 | AN9: =SUM(AL9:AM9) -> 0 | AQ9: =SUM(AO9:AP9) -> 0 | AS9: 1 | AW9: =SUM(AT9:AV9) -> 0 | AZ9: 1 | BA9: =SUM(AX9:AZ9) -> 1 | BB9: =SUM(P9,R9,T9,AB9,AJ9,AR9) -> 2 | BC9: =SUM(Q9,AD9,AT9) -> 6 | BD9: =SUM(S9,AE9,AL9,AU9) -> 7 | BE9: =SUM(U9,AM9,AV9) -> 7 | BF9: =SUM(BC9:BE9) -> 20 | BG9: =SUM(V9,X9,Z9,AC9,AK9,AS9) -> 1 | BH9: =SUM(W9,AG9,AX9) -> 0 | BI9: =SUM(Y9,AH9,AO9,AY9) -> 0 | BJ9: =SUM(AA9,AP9,AZ9) -> 1 | BK9: =SUM(BH9:BJ9) -> 1
A10: 3권역 | B10: 미추홀구 | C10: 미추홀구 | D10: 도화2,3동 | E10: 공립 | F10: 인천서화초등학교병설유치원 | G10: 31837 | H10: 미추홀구 송림로 250(도화동 1003번지) | I10: 19126 | J10: 22114 | K10: 629-0957 | L10: 868-9237 | M10: 3 | O10: 48 | P10: 1 | Q10: 6 | R10: 1 | S10: 6 | T10: 1 | U10: 7 | AF10: =SUM(AD10:AE10) -> 0 | AI10: =SUM(AG10:AH10) -> 0 | AN10: =SUM(AL10:AM10) -> 0 | AQ10: =SUM(AO10:AP10) -> 0 | AW10: =SUM(AT10:AV10) -> 0 | BA10: =SUM(AX10:AZ10) -> 0 | BB10: =SUM(P10,R10,T10,AB10,AJ10,AR10) -> 3 | BC10: =SUM(Q10,AD10,AT10) -> 6 | BD10: =SUM(S10,AE10,AL10,AU10) -> 6 | BE10: =SUM(U10,AM10,AV10) -> 7 | BF10: =SUM(BC10:BE10) -> 19 | BG10: =SUM(V10,X10,Z10,AC10,AK10,AS10) -> 0 | BH10: =SUM(W10,AG10,AX10) -> 0 | BI10: =SUM(Y10,AH10,AO10,AY10) -> 0 | BJ10: =SUM(AA10,AP10,AZ10) -> 0 | BK10: =SUM(BH10:BJ10) -> 0
A11: 3권역 | B11: 미추홀구 | C11: 미추홀구 | D11: 숭의동 | E11: 공립 | F11: 인천숭의초등학교병설유치원 | G11: 34759 | H11: 미추홀구 장천로 99(숭의동42-2) | I11: 11060 | J11: 22163 | K11: 629-0290 | L11: 887-9017 | M11: 1 | O11: 19 | T11: 1 | U11: 17 | AF11: - | AI11: - | AN11: - | AQ11: - | AW11: - | BA11: - | BB11: 1 | BC11: - | BD11: - | BE11: 17 | BF11: 17 | BG11: - | BH11: - | BI11: - | BJ11: - | BK11: -
A12: 3권역 | B12: 미추홀구 | C12: 미추홀구 | D12: 학익동 | E12: 공립 | F12: 인천연학초등학교병설유치원 | G12: 43770 | H12: 미추홀구 주승로 20(학익동 29-2) | I12: 12588 | J12: 22222 | K12: 629-1124 | L12: 629-1156 | M12: 3 | N12: 0 | O12: 48 | P12: 1 | Q12: 8 | R12: 1 | S12: 11 | T12: 1 | U12: 14 | V12: 0 | W12: 0 | X12: 0 | Y12: 0 | Z12: 0 | AA12: 0 | AB12: 0 | AC12: 0 | AD12: 0 | AE12: 0 | AF12: =SUM(AD12:AE12) -> 0 | AG12: 0 | AH12: 0 | AI12: =SUM(AG12:AH12) -> 0 | AJ12: 0 | AK12: 0 | AL12: 0 | AM12: 0 | AN12: =SUM(AL12:AM12) -> 0 | AO12: 0 | AP12: 0 | AQ12: =SUM(AO12:AP12) -> 0 | AR12: 0 | AS12: 0 | AT12: 0 | AU12: 0 | AV12: 0 | AW12: =SUM(AT12:AV12) -> 0 | AX12: 0 | AY12: 0 | AZ12: 0 | BA12: =SUM(AX12:AZ12) -> 0 | BB12: =SUM(P12,R12,T12,AB12,AJ12,AR12) -> 3 | BC12: =SUM(Q12,AD12,AT12) -> 8 | BD12: =SUM(S12,AE12,AL12,AU12) -> 11 | BE12: =SUM(U12,AM12,AV12) -> 14 | BF12: =SUM(BC12:BE12) -> 33 | BG12: =SUM(V12,X12,Z12,AC12,AK12,AS12) -> 0 | BH12: =SUM(W12,AG12,AX12) -> 0 | BI12: =SUM(Y12,AH12,AO12,AY12) -> 0 | BJ12: =SUM(AA12,AP12,AZ12) -> 0 | BK12: =SUM(BH12:BJ12) -> 0
A13: 3권역 | B13: 미추홀구 | C13: 미추홀구 | D13: 용현동 | E13: 공립 | F13: 인천용일초등학교병설유치원 | G13: 34759 | H13: 미추홀구 인주대로 244 | I13: 15883 | J13: 22208 | K13: 629-0873 | L13: 629-0878 | M13: 2 | N13: 1 | O13: 36 | R13: 1 | S13: 3 | T13: 1 | U13: 7 | AF13: =SUM(AD13:AE13) -> 0 | AI13: =SUM(AG13:AH13) -> 0 | AN13: =SUM(AL13:AM13) -> 0 | AO13: 2 | AP13: 2 | AQ13: =SUM(AO13:AP13) -> 4 | AW13: =SUM(AT13:AV13) -> 0 | BA13: =SUM(AX13:AZ13) -> 0 | BB13: =SUM(P13,R13,T13,AB13,AJ13,AR13) -> 2 | BC13: =SUM(Q13,AD13,AT13) -> 0 | BD13: =SUM(S13,AE13,AL13,AU13) -> 3 | BE13: =SUM(U13,AM13,AV13) -> 7 | BF13: =SUM(BC13:BE13) -> 10 | BG13: 1 | BH13: =SUM(W13,AG13,AX13) -> 0 | BI13: =SUM(Y13,AH13,AO13,AY13) -> 2 | BJ13: =SUM(AA13,AP13,AZ13) -> 2 | BK13: =SUM(BH13:BJ13) -> 4
A14: 3권역 | B14: 미추홀구 | C14: 미추홀구 | D14: 숭의동 | E14: 공립 | F14: 인천용정초등학교병설유치원 | G14: 31826 | H14: 미추홀구 독정안길 26(숭의동 12-8) | I14: 12538 | J14: 22168 | K14: 629-0987 | L14: 876-6133 | M14: 1 | N14: 0 | O14: 19 | AF14: =SUM(AD14:AE14) -> 0 | AI14: =SUM(AG14:AH14) -> 0 | AJ14: 1 | AK14: 0 | AL14: 4 | AM14: 7 | AN14: =SUM(AL14:AM14) -> 11 | AO14: 0 | AQ14: =SUM(AO14:AP14) -> 0 | AW14: =SUM(AT14:AV14) -> 0 | BA14: =SUM(AX14:AZ14) -> 0 | BB14: =SUM(P14,R14,T14,AB14,AJ14,AR14) -> 1 | BC14: =SUM(Q14,AD14,AT14) -> 0 | BD14: =SUM(S14,AE14,AL14,AU14) -> 4 | BE14: =SUM(U14,AM14,AV14) -> 7 | BF14: =SUM(BC14:BE14) -> 11 | BG14: =SUM(V14,X14,Z14,AC14,AK14,AS14) -> 0 | BH14: =SUM(W14,AG14,AX14) -> 0 | BI14: =SUM(Y14,AH14,AO14,AY14) -> 0 | BJ14: =SUM(AA14,AP14,AZ14) -> 0 | BK14: =SUM(BH14:BJ14) -> 0
A15: 3권역 | B15: 미추홀구 | C15: 미추홀구 | D15: 용현동 | E15: 공립 | F15: 인천용학초등학교병설유치원 | G15: 42614 | H15: 미추홀구 용정공원로83번길 9(용현동 664-4) | I15: 11000 | J15: 22188 | K15: 627-6300 | L15: 886-9017 | M15: 5 | N15: 0 | O15: 84 | P15: 1 | Q15: 12 | R15: 2 | S15: 21 | T15: 2 | U15: 31 | V15: 0 | W15: 0 | X15: 0 | Y15: 0 | Z15: 0 | AA15: 0 | AB15: 0 | AC15: 0 | AD15: 0 | AE15: 0 | AF15: 0 | AG15: 0 | AH15: 0 | AI15: 0 | AJ15: 0 | AK15: 0 | AL15: 0 | AM15: 0 | AN15: 0 | AO15: 0 | AP15: 0 | AQ15: =SUM(AO15:AP15) -> 0 | AR15: 0 | AS15: 0 | AT15: 0 | AU15: 0 | AV15: 0 | AW15: =SUM(AT15:AV15) -> 0 | AX15: 0 | AY15: 0 | AZ15: 0 | BA15: =SUM(AX15:AZ15) -> 0 | BB15: =SUM(P15,R15,T15,AB15,AJ15,AR15) -> 5 | BC15: =SUM(Q15,AD15,AT15) -> 12 | BD15: =SUM(S15,AE15,AL15,AU15) -> 21 | BE15: =SUM(U15,AM15,AV15) -> 31 | BF15: =SUM(BC15:BE15) -> 64 | BG15: =SUM(V15,X15,Z15,AC15,AK15,AS15) -> 0 | BH15: =SUM(W15,AG15,AX15) -> 0 | BI15: =SUM(Y15,AH15,AO15,AY15) -> 0 | BJ15: =SUM(AA15,AP15,AZ15) -> 0 | BK15: =SUM(BH15:BJ15) -> 0
A16: 3권역 | B16: 미추홀구 | C16: 미추홀구 | D16: 학익2동 | E16: 공립 | F16: 인천인주초등학교병설유치원 | G16: 36586 | H16: 미추홀구 매소홀로475번길 53(학익동 40) | I16: 12756 | J16: 22222 | K16: 875-2606 | L16: 875-2602 | M16: 1 | O16: 19 | AF16: =SUM(AD16:AE16) -> 0 | AI16: =SUM(AG16:AH16) -> 0 | AN16: =SUM(AL16:AM16) -> 0 | AQ16: =SUM(AO16:AP16) -> 0 | AW16: =SUM(AT16:AV16) -> 0 | BA16: =SUM(AX16:AZ16) -> 0 | BB16: =SUM(P16,R16,T16,AB16,AJ16,AR16) -> 0 | BC16: =SUM(Q16,AD16,AT16) -> 0 | BD16: =SUM(S16,AE16,AL16,AU16) -> 0 | BE16: =SUM(U16,AM16,AV16) -> 0 | BF16: =SUM(BC16:BE16) -> 0 | BG16: =SUM(V16,X16,Z16,AC16,AK16,AS16) -> 0 | BH16: =SUM(W16,AG16,AX16) -> 0 | BI16: =SUM(Y16,AH16,AO16,AY16) -> 0 | BJ16: =SUM(AA16,AP16,AZ16) -> 0 | BK16: =SUM(BH16:BJ16) -> 0 | BL16: 휴원
A17: 3권역 | B17: 미추홀구 | C17: 미추홀구 | D17: 학익동 | E17: 공립 | F17: 인천학익초등학교병설유치원 | G17: 31853 | H17: 미추홀구 한나루로 403번길 122(학익동 330-1번지) | I17: 13126 | J17: 22211 | K17: 629-0428 | L17: 865-5795 | M17: 2 | N17: 1 | O17: 36 | T17: 1 | U17: 3 | AB17: 1 | AE17: 6 | AF17: =SUM(AD17:AE17) -> 6 | AS17: 1 | AY17: 1 | AZ17: 3 | BA17: =SUM(AX17:AZ17) -> 4 | BB17: =SUM(P17,R17,T17,AB17,AJ17,AR17) -> 2 | BC17: =SUM(Q17,AD17,AT17) -> 0 | BD17: =SUM(S17,AE17,AL17,AU17) -> 6 | BE17: =SUM(U17,AM17,AV17) -> 3 | BF17: =SUM(BC17:BE17) -> 9 | BG17: =SUM(V17,X17,Z17,AC17,AK17,AS17) -> 1 | BH17: =SUM(W17,AG17,AX17) -> 0 | BI17: =SUM(Y17,AH17,AO17,AY17) -> 1 | BJ17: =SUM(AA17,AP17,AZ17) -> 3 | BK17: =SUM(BH17:BJ17) -> 4
A18: 4권역 | B18: 미추홀구 | C18: 미추홀구 | D18: 주안6동 | E18: 공립 | F18: 인천경원초등학교병설유치원 | G18: 39508 | H18: 미추홀구 경인로 511(주안동1620) | I18: 5786 | J18: 22144 | K18: 629-2142 | L18: 424-1693 | M18: 2 | O18: 36 | T18: 1 | U18: 4 | AB18: 1 | AD18: 3 | AE18: 1 | AF18: =SUM(AD18:AE18) -> 4 | AI18: =SUM(AG18:AH18) -> 0 | AN18: =SUM(AL18:AM18) -> 0 | AQ18: =SUM(AO18:AP18) -> 0 | AW18: =SUM(AT18:AV18) -> 0 | BA18: =SUM(AX18:AZ18) -> 0 | BB18: =SUM(P18,R18,T18,AB18,AJ18,AR18) -> 2 | BC18: =SUM(Q18,AD18,AT18) -> 3 | BD18: =SUM(S18,AE18,AL18,AU18) -> 1 | BE18: =SUM(U18,AM18,AV18) -> 4 | BF18: =SUM(BC18:BE18) -> 8 | BG18: =SUM(V18,X18,Z18,AC18,AK18,AS18) -> 0 | BH18: =SUM(W18,AG18,AX18) -> 0 | BI18: =SUM(Y18,AH18,AO18,AY18) -> 0 | BJ18: =SUM(AA18,AP18,AZ18) -> 0 | BK18: =SUM(BH18:BJ18) -> 0
A19: 4권역 | B19: 미추홀구 | C19: 미추홀구 | D19: 문학동 | E19: 공립 | F19: 인천문학초등학교병설유치원 | G19: 35490 | H19: 미추홀구 매소홀로 553(문학동 343-2) | I19: 875 | J19: 22233 | K19: 629-0153 | L19: 433-0367 | M19: 2 | O19: 36 | AF19: =SUM(AD19:AE19) -> 0 | AI19: =SUM(AG19:AH19) -> 0 | AN19: =SUM(AL19:AM19) -> 0 | AQ19: =SUM(AO19:AP19) -> 0 | AR19: 1 | AT19: 0 | AU19: 1 | AV19: 5 | AW19: =SUM(AT19:AV19) -> 6 | BA19: =SUM(AX19:AZ19) -> 0 | BB19: =SUM(P19,R19,T19,AB19,AJ19,AR19) -> 1 | BC19: =SUM(Q19,AD19,AT19) -> 0 | BD19: =SUM(S19,AE19,AL19,AU19) -> 1 | BE19: =SUM(U19,AM19,AV19) -> 5 | BF19: =SUM(BC19:BE19) -> 6 | BG19: =SUM(V19,X19,Z19,AC19,AK19,AS19) -> 0 | BH19: =SUM(W19,AG19,AX19) -> 0 | BI19: =SUM(Y19,AH19,AO19,AY19) -> 0 | BJ19: =SUM(AA19,AP19,AZ19) -> 0 | BK19: =SUM(BH19:BJ19) -> 0
A20: 4권역 | B20: 미추홀구 | C20: 미추홀구 | D20: 주안동 | E20: 공립 | F20: 인천주안초등학교병설유치원 | G20: 43160 | H20: 미추홀구 남주길69번길 16(주안동 1627) | I20: 16925 | J20: 22156 | K20: 458-9919 | L20: 438-1405 | M20: 3 | N20: 1 | O20: 48 | P20: 1 | Q20: 3 | R20: 1 | S20: 9 | T20: 1 | U20: 17 | AF20: =SUM(AD20:AE20) -> 0 | AI20: =SUM(AG20:AH20) -> 0 | AN20: =SUM(AL20:AM20) -> 0 | AS20: 1 | AW20: =SUM(AT20:AV20) -> 0 | AY20: 2 | AZ20: 2 | BA20: =SUM(AX20:AZ20) -> 4 | BB20: =SUM(P20,R20,T20,AB20,AJ20,AR20) -> 3 | BC20: =SUM(Q20,AD20,AT20) -> 3 | BD20: =SUM(S20,AE20,AL20,AU20) -> 9 | BE20: =SUM(U20,AM20,AV20) -> 17 | BF20: =SUM(BC20:BE20) -> 29 | BG20: =SUM(V20,X20,Z20,AC20,AK20,AS20) -> 1 | BH20: =SUM(W20,AG20,AX20) -> 0 | BI20: 2 | BJ20: 2 | BK20: =SUM(BH20:BJ20) -> 4
A21: 미추홀구 공립 계 | E21: =COUNTA(E8:E20) -> 13 | M21: =SUM(M8:M20) -> 29 | N21: =SUM(N8:N20) -> 4 | O21: =SUM(O8:O20) -> 501 | P21: =SUM(P8:P20) -> 4 | Q21: =SUM(Q8:Q20) -> 29 | R21: =SUM(R8:R20) -> 6 | S21: =SUM(S8:S20) -> 50 | T21: =SUM(T8:T20) -> 11 | ... BK21: =SUM(BK8:BK20) -> 13
A22: 3권역 | B22: 미추홀구 | C22: 미추홀구 | D22: 도화1동 | E22: 사립 | F22: 프라임건영유치원 | G22: 42552 | H22: 미추홀구 남주길11번길79(도화동 463-6) | I22: 695 | J22: 22153 | K22: 863-6854 | L22: 714-3795 | M22: 7 | O22: 122 | P22: 2 | Q22: 25 | R22: 1 | S22: 22 | T22: 2 | U22: 34 | AF22: =SUM(AD22:AE22) -> 0 | AI22: =SUM(AG22:AH22) -> 0 | AN22: =SUM(AL22:AM22) -> 0 | AQ22: =SUM(AO22:AP22) -> 0 | AW22: =SUM(AT22:AV22) -> 0 | BA22: =SUM(AX22:AZ22) -> 0 | BB22: =SUM(P22,R22,T22,AB22,AJ22,AR22) -> 5 | BC22: =SUM(Q22,AD22,AT22) -> 25 | BD22: =SUM(S22,AE22,AL22,AU22) -> 22 | BE22: =SUM(U22,AM22,AV22) -> 34 | BF22: =SUM(BC22:BE22) -> 81 | BG22: =SUM(V22,X22,Z22,AC22,AK22,AS22) -> 0 | BH22: =SUM(W22,AG22,AX22) -> 0 | BI22: =SUM(Y22,AH22,AO22,AY22) -> 0 | BJ22: =SUM(AA22,AP22,AZ22) -> 0 | BK22: =SUM(BH22:BJ22) -> 0
A23: 3권역 | B23: 미추홀구 | C23: 미추홀구 | D23: 도화2,3동 | E23: 사립 | F23: 밀알유치원 | G23: 46082 | H23: 미추홀구 장고개로 42번길 42(도화동 119-16) | I23: 1625 | J23: 22116 | K23: 876-3313 | L23: 715-7813 | M23: 9 | O23: 221 | P23: 3 | Q23: 47 | R23: 3 | S23: 73 | T23: 3 | U23: 77 | AF23: =SUM(AD23:AE23) -> 0 | AI23: =SUM(AG23:AH23) -> 0 | AN23: =SUM(AL23:AM23) -> 0 | AQ23: =SUM(AO23:AP23) -> 0 | AW23: =SUM(AT23:AV23) -> 0 | BA23: =SUM(AX23:AZ23) -> 0 | BB23: =SUM(P23,R23,T23,AB23,AJ23,AR23) -> 9 | BC23: =SUM(Q23,AD23,AT23) -> 47 | BD23: =SUM(S23,AE23,AL23,AU23) -> 73 | BE23: =SUM(U23,AM23,AV23) -> 77 | BF23: =SUM(BC23:BE23) -> 197 | BG23: =SUM(V23,X23,Z23,AC23,AK23,AS23) -> 0 | BH23: =SUM(W23,AG23,AX23) -> 0 | BI23: =SUM(Y23,AH23,AO23,AY23) -> 0 | BJ23: =SUM(AA23,AP23,AZ23) -> 0 | BK23: =SUM(BH23:BJ23) -> 0
A24: 3권역 | B24: 미추홀구 | C24: 미추홀구 | D24: 숭의2동 | E24: 사립 | F24: 숭의유치원 | G24: 24152 | H24: 미추홀구구 독배로 485(숭의동 303-7) | I24: 415 | J24: 22173 | K24: 885-3399 | L24: 885-3343 | M24: 4 | O24: 88 | P24: 1 | Q24: 18 | R24: 2 | S24: 44 | T24: 1 | U24: 26 | AF24: =SUM(AD24:AE24) -> 0 | AI24: =SUM(AG24:AH24) -> 0 | AN24: =SUM(AL24:AM24) -> 0 | AQ24: =SUM(AO24:AP24) -> 0 | AW24: =SUM(AT24:AV24) -> 0 | BA24: =SUM(AX24:AZ24) -> 0 | BB24: =SUM(P24,R24,T24,AB24,AJ24,AR24) -> 4 | BC24: =SUM(Q24,AD24,AT24) -> 18 | BD24: =SUM(S24,AE24,AL24,AU24) -> 44 | BE24: =SUM(U24,AM24,AV24) -> 26 | BF24: =SUM(BC24:BE24) -> 88 | BG24: =SUM(V24,X24,Z24,AC24,AK24,AS24) -> 0 | BH24: =SUM(W24,AG24,AX24) -> 0 | BI24: =SUM(Y24,AH24,AO24,AY24) -> 0 | BJ24: =SUM(AA24,AP24,AZ24) -> 0 | BK24: =SUM(BH24:BJ24) -> 0
A25: 3권역 | B25: 미추홀구 | C25: 미추홀구 | D25: 용현1,4동 | E25: 사립 | F25: 성바오로유치원 | G25: 33304 | H25: 미추홀구 경인남길 102번길 50(용현동 183-15) | I25: 1491 | J25: 22207 | K25: 875-6204 | L25: 875-6205 | M25: 6 | O25: 210 | AF25: =SUM(AD25:AE25) -> 0 | AI25: =SUM(AG25:AH25) -> 0 | AN25: =SUM(AL25:AM25) -> 0 | AQ25: =SUM(AO25:AP25) -> 0 | AR25: 6 | AT25: 37 | AU25: 41 | AV25: 45 | AW25: =SUM(AT25:AV25) -> 123 | BA25: =SUM(AX25:AZ25) -> 0 | BB25: =SUM(P25,R25,T25,AB25,AJ25,AR25) -> 6 | BC25: =SUM(Q25,AD25,AT25) -> 37 | BD25: =SUM(S25,AE25,AL25,AU25) -> 41 | BE25: =SUM(U25,AM25,AV25) -> 45 | BF25: =SUM(BC25:BE25) -> 123 | BG25: =SUM(V25,X25,Z25,AC25,AK25,AS25) -> 0 | BH25: =SUM(W25,AG25,AX25) -> 0 | BI25: =SUM(Y25,AH25,AO25,AY25) -> 0 | BJ25: =SUM(AA25,AP25,AZ25) -> 0 | BK25: =SUM(BH25:BJ25) -> 0
A26: 3권역 | B26: 미추홀구 | C26: 미추홀구 | D26: 용현2동 | E26: 사립 | F26: 유원유치원 | G26: 33264 | H26: 미추홀구 낙섬중로 102(용현동 557-1) | I26: 468 | J26: 22185 | K26: 883-9591 | L26: 0504-213-5580 | M26: 4 | O26: 95 | P26: 1 | Q26: 14 | R26: 1 | S26: 24 | T26: 2 | U26: 45 | AF26: =SUM(AD26:AE26) -> 0 | AI26: =SUM(AG26:AH26) -> 0 | AN26: =SUM(AL26:AM26) -> 0 | AQ26: =SUM(AO26:AP26) -> 0 | AW26: =SUM(AT26:AV26) -> 0 | BA26: =SUM(AX26:AZ26) -> 0 | BB26: =SUM(P26,R26,T26,AB26,AJ26,AR26) -> 4 | BC26: =SUM(Q26,AD26,AT26) -> 14 | BD26: =SUM(S26,AE26,AL26,AU26) -> 24 | BE26: =SUM(U26,AM26,AV26) -> 45 | BF26: =SUM(BC26:BE26) -> 83 | BG26: =SUM(V26,X26,Z26,AC26,AK26,AS26) -> 0 | BH26: =SUM(W26,AG26,AX26) -> 0 | BI26: =SUM(Y26,AH26,AO26,AY26) -> 0 | BJ26: =SUM(AA26,AP26,AZ26) -> 0 | BK26: =SUM(BH26:BJ26) -> 0
A27: 3권역 | B27: 미추홀구 | C27: 미추홀구 | D27: 용현5동 | E27: 사립 | F27: 금호유치원 | G27: 36951 | H27: 미추홀구 매소홀로 54(용현동 647-1) | I27: 666 | J27: 22192 | K27: 891-0188 | L27: 891-0189 | M27: 7 | O27: 142 | P27: 3 | Q27: 49 | R27: 2 | S27: 47 | T27: 2 | U27: 46 | AF27: =SUM(AD27:AE27) -> 0 | AI27: =SUM(AG27:AH27) -> 0 | AN27: =SUM(AL27:AM27) -> 0 | AQ27: =SUM(AO27:AP27) -> 0 | AW27: =SUM(AT27:AV27) -> 0 | BA27: =SUM(AX27:AZ27) -> 0 | BB27: =SUM(P27,R27,T27,AB27,AJ27,AR27) -> 7 | BC27: =SUM(Q27,AD27,AT27) -> 49 | BD27: =SUM(S27,AE27,AL27,AU27) -> 47 | BE27: =SUM(U27,AM27,AV27) -> 46 | BF27: =SUM(BC27:BE27) -> 142 | BG27: =SUM(V27,X27,Z27,AC27,AK27,AS27) -> 0 | BH27: =SUM(W27,AG27,AX27) -> 0 | BI27: =SUM(Y27,AH27,AO27,AY27) -> 0 | BJ27: =SUM(AA27,AP27,AZ27) -> 0 | BK27: =SUM(BH27:BJ27) -> 0
A28: 3권역 | B28: 미추홀구 | C28: 미추홀구 | D28: 용현5동 | E28: 사립 | F28: 노벨유치원 | G28: 32520 | H28: 미추홀구 낙섬중로 74(용현동 577-58) | I28: 206 | J28: 22187 | K28: 884-1059 | L28: 888-7400 | M28: 3 | O28: 105 | P28: 1 | Q28: 19 | R28: 1 | S28: 20 | T28: 1 | U28: 25 | AF28: =SUM(AD28:AE28) -> 0 | AI28: =SUM(AG28:AH28) -> 0 | AN28: =SUM(AL28:AM28) -> 0 | AQ28: =SUM(AO28:AP28) -> 0 | AW28: =SUM(AT28:AV28) -> 0 | BA28: =SUM(AX28:AZ28) -> 0 | BB28: =SUM(P28,R28,T28,AB28,AJ28,AR28) -> 3 | BC28: =SUM(Q28,AD28,AT28) -> 19 | BD28: =SUM(S28,AE28,AL28,AU28) -> 20 | BE28: =SUM(U28,AM28,AV28) -> 25 | BF28: =SUM(BC28:BE28) -> 64 | BG28: =SUM(V28,X28,Z28,AC28,AK28,AS28) -> 0 | BH28: =SUM(W28,AG28,AX28) -> 0 | BI28: =SUM(Y28,AH28,AO28,AY28) -> 0 | BJ28: =SUM(AA28,AP28,AZ28) -> 0 | BK28: =SUM(BH28:BJ28) -> 0
A29: 3권역 | B29: 미추홀구 | C29: 미추홀구 | D29: 용현5동 | E29: 사립 | F29: 세종유치원 | G29: 32568 | H29: 미추홀구 낙섬서로 77(용현동 624-77) | I29: 274.1 | J29: 22186 | K29: 888-3456 | L29: 888-3600 | M29: 4 | O29: 107 | P29: 1 | Q29: 23 | R29: 1 | S29: 28 | T29: 2 | U29: 55 | AF29: =SUM(AD29:AE29) -> 0 | AI29: =SUM(AG29:AH29) -> 0 | AN29: =SUM(AL29:AM29) -> 0 | AQ29: =SUM(AO29:AP29) -> 0 | AW29: =SUM(AT29:AV29) -> 0 | BA29: =SUM(AX29:AZ29) -> 0 | BB29: =SUM(P29,R29,T29,AB29,AJ29,AR29) -> 4 | BC29: =SUM(Q29,AD29,AT29) -> 23 | BD29: =SUM(S29,AE29,AL29,AU29) -> 28 | BE29: =SUM(U29,AM29,AV29) -> 55 | BF29: =SUM(BC29:BE29) -> 106 | BG29: =SUM(V29,X29,Z29,AC29,AK29,AS29) -> 0 | BH29: =SUM(W29,AG29,AX29) -> 0 | BI29: =SUM(Y29,AH29,AO29,AY29) -> 0 | BJ29: =SUM(AA29,AP29,AZ29) -> 0 | BK29: =SUM(BH29:BJ29) -> 0
A30: 3권역 | B30: 미추홀구 | C30: 미추홀구 | D30: 용현5동 | E30: 사립 | F30: 소명유치원 | G30: 32507 | H30: 미추홀구 낙섬동로 71-1(용현동 611-75) | I30: 916 | J30: 22187 | K30: 884-7780 | L30: 891-3600 | M30: 7 | O30: 180 | P30: 3 | Q30: 61 | R30: 2 | S30: 47 | T30: 2 | U30: 55 | AF30: =SUM(AD30:AE30) -> 0 | AI30: =SUM(AG30:AH30) -> 0 | AN30: =SUM(AL30:AM30) -> 0 | AQ30: =SUM(AO30:AP30) -> 0 | AW30: =SUM(AT30:AV30) -> 0 | BA30: =SUM(AX30:AZ30) -> 0 | BB30: =SUM(P30,R30,T30,AB30,AJ30,AR30) -> 7 | BC30: =SUM(Q30,AD30,AT30) -> 61 | BD30: =SUM(S30,AE30,AL30,AU30) -> 47 | BE30: =SUM(U30,AM30,AV30) -> 55 | BF30: =SUM(BC30:BE30) -> 163 | BG30: =SUM(V30,X30,Z30,AC30,AK30,AS30) -> 0 | BH30: =SUM(W30,AG30,AX30) -> 0 | BI30: =SUM(Y30,AH30,AO30,AY30) -> 0 | BJ30: =SUM(AA30,AP30,AZ30) -> 0 | BK30: =SUM(BH30:BJ30) -> 0
A31: 3권역 | B31: 미추홀구 | C31: 미추홀구 | D31: 학익1동 | E31: 사립 | F31: 반디유치원 | G31: 39508 | H31: 미추홀구 매소홀로 340(학익동 721) | I31: 510 | J31: 22203 | K31: 875-6767 | L31: 875-6787 | M31: 6 | O31: 171 | P31: 2 | Q31: 41 | R31: 2 | S31: 52 | T31: 2 | U31: 56 | AF31: =SUM(AD31:AE31) -> 0 | AI31: =SUM(AG31:AH31) -> 0 | AN31: =SUM(AL31:AM31) -> 0 | AQ31: =SUM(AO31:AP31) -> 0 | AW31: =SUM(AT31:AV31) -> 0 | BA31: =SUM(AX31:AZ31) -> 0 | BB31: =SUM(P31,R31,T31,AB31,AJ31,AR31) -> 6 | BC31: =SUM(Q31,AD31,AT31) -> 41 | BD31: =SUM(S31,AE31,AL31,AU31) -> 52 | BE31: =SUM(U31,AM31,AV31) -> 56 | BF31: =SUM(BC31:BE31) -> 149 | BG31: =SUM(V31,X31,Z31,AC31,AK31,AS31) -> 0 | BH31: =SUM(W31,AG31,AX31) -> 0 | BI31: =SUM(Y31,AH31,AO31,AY31) -> 0 | BJ31: =SUM(AA31,AP31,AZ31) -> 0 | BK31: =SUM(BH31:BJ31) -> 0
A32: 3권역 | B32: 미추홀구 | C32: 미추홀구 | D32: 학익1동 | E32: 사립 | F32: 한빛유치원 | G32: 40997 | H32: 미추홀구 소성로 120(학익동 719) | I32: 759 | J32: 22202 | K32: 875-8008 | L32: 875-8112 | M32: 6 | O32: 134 | P32: 2 | Q32: 39 | R32: 2 | S32: 46 | T32: 2 | U32: 48 | AF32: =SUM(AD32:AE32) -> 0 | AI32: =SUM(AG32:AH32) -> 0 | AN32: =SUM(AL32:AM32) -> 0 | AQ32: =SUM(AO32:AP32) -> 0 | AW32: =SUM(AT32:AV32) -> 0 | BA32: =SUM(AX32:AZ32) -> 0 | BB32: =SUM(P32,R32,T32,AB32,AJ32,AR32) -> 6 | BC32: =SUM(Q32,AD32,AT32) -> 39 | BD32: =SUM(S32,AE32,AL32,AU32) -> 46 | BE32: =SUM(U32,AM32,AV32) -> 48 | BF32: =SUM(BC32:BE32) -> 133 | BG32: =SUM(V32,X32,Z32,AC32,AK32,AS32) -> 0 | BH32: =SUM(W32,AG32,AX32) -> 0 | BI32: =SUM(Y32,AH32,AO32,AY32) -> 0 | BJ32: =SUM(AA32,AP32,AZ32) -> 0 | BK32: =SUM(BH32:BJ32) -> 0
A33: 3권역 | B33: 미추홀구 | C33: 미추홀구 | D33: 학익2동 | E33: 사립 | F33: 다솜유치원 | G33: 32568 | H33: 인천시 미추홀구 학익소로 23번길 11(학익동 15-5) | I33: 508 | J33: 22218 | K33: 862-1600 | L33: 874-9596 | M33: 7 | O33: 280 | P33: 1 | Q33: 14 | R33: 1 | S33: 16 | T33: 1 | U33: 16 | AF33: =SUM(AD33:AE33) -> 0 | AI33: =SUM(AG33:AH33) -> 0 | AN33: =SUM(AL33:AM33) -> 0 | AQ33: =SUM(AO33:AP33) -> 0 | AW33: =SUM(AT33:AV33) -> 0 | BA33: =SUM(AX33:AZ33) -> 0 | BB33: =SUM(P33,R33,T33,AB33,AJ33,AR33) -> 3 | BC33: =SUM(Q33,AD33,AT33) -> 14 | BD33: =SUM(S33,AE33,AL33,AU33) -> 16 | BE33: =SUM(U33,AM33,AV33) -> 16 | BF33: =SUM(BC33:BE33) -> 46 | BG33: =SUM(V33,X33,Z33,AC33,AK33,AS33) -> 0 | BH33: =SUM(W33,AG33,AX33) -> 0 | BI33: =SUM(Y33,AH33,AO33,AY33) -> 0 | BJ33: =SUM(AA33,AP33,AZ33) -> 0 | BK33: =SUM(BH33:BJ33) -> 0
A34: 3권역 | B34: 미추홀구 | C34: 미추홀구 | D34: 학익2동 | E34: 사립 | F34: 신동아유치원 | G34: 34029 | H34: 미추홀구 매소홀로475번길 18(학익동 48-14) | I34: 508 | J34: 22222 | K34: 872-4348 | L34: 872-4349 | M34: 4 | O34: 150 | AF34: =SUM(AD34:AE34) -> 0 | AI34: =SUM(AG34:AH34) -> 0 | AN34: =SUM(AL34:AM34) -> 0 | AQ34: =SUM(AO34:AP34) -> 0 | AW34: =SUM(AT34:AV34) -> 0 | BA34: =SUM(AX34:AZ34) -> 0 | BB34: =SUM(P34,R34,T34,AB34,AJ34,AR34) -> 0 | BC34: =SUM(Q34,AD34,AT34) -> 0 | BD34: =SUM(S34,AE34,AL34,AU34) -> 0 | BE34: =SUM(U34,AM34,AV34) -> 0 | BF34: =SUM(BC34:BE34) -> 0 | BG34: =SUM(V34,X34,Z34,AC34,AK34,AS34) -> 0 | BH34: =SUM(W34,AG34,AX34) -> 0 | BI34: =SUM(Y34,AH34,AO34,AY34) -> 0 | BJ34: =SUM(AA34,AP34,AZ34) -> 0 | BK34: =SUM(BH34:BJ34) -> 0 | BL34: 휴원
A35: 3권역 | B35: 미추홀구 | C35: 미추홀구 | D35: 학익2동 | E35: 사립 | F35: 해승유치원 | G35: 34821 | H35: 미추홀구 학익소로61번길 93(학익동 645) | I35: 388 | J35: 22222 | K35: 872-4626 | L35: 872-4627 | M35: 4 | O35: 120 | P35: 1 | Q35: 22 | R35: 1 | S35: 25 | T35: 2 | U35: 50 | AF35: =SUM(AD35:AE35) -> 0 | AI35: =SUM(AG35:AH35) -> 0 | AN35: =SUM(AL35:AM35) -> 0 | AQ35: =SUM(AO35:AP35) -> 0 | AW35: =SUM(AT35:AV35) -> 0 | BA35: =SUM(AX35:AZ35) -> 0 | BB35: =SUM(P35,R35,T35,AB35,AJ35,AR35) -> 4 | BC35: =SUM(Q35,AD35,AT35) -> 22 | BD35: =SUM(S35,AE35,AL35,AU35) -> 25 | BE35: =SUM(U35,AM35,AV35) -> 50 | BF35: =SUM(BC35:BE35) -> 97 | BG35: =SUM(V35,X35,Z35,AC35,AK35,AS35) -> 0 | BH35: =SUM(W35,AG35,AX35) -> 0 | BI35: =SUM(Y35,AH35,AO35,AY35) -> 0 | BJ35: =SUM(AA35,AP35,AZ35) -> 0 | BK35: =SUM(BH35:BJ35) -> 0
A36: 4권역 | B36: 미추홀구 | C36: 미추홀구 | D36: 문학동 | E36: 사립 | F36: 그림나라유치원 | G36: 39143 | H36: 미추홀구 소성로332번길 10(문학동 374-3) | I36: 461 | J36: 22238 | K36: 424-4088 | L36: 424-4089 | M36: 6 | O36: 160 | P36: 2 | Q36: 16 | R36: 2 | S36: 39 | T36: 2 | U36: 34 | AF36: =SUM(AD36:AE36) -> 0 | AI36: =SUM(AG36:AH36) -> 0 | AN36: =SUM(AL36:AM36) -> 0 | AQ36: =SUM(AO36:AP36) -> 0 | AW36: =SUM(AT36:AV36) -> 0 | BA36: =SUM(AX36:AZ36) -> 0 | BB36: =SUM(P36,R36,T36,AB36,AJ36,AR36) -> 6 | BC36: =SUM(Q36,AD36,AT36) -> 16 | BD36: =SUM(S36,AE36,AL36,AU36) -> 39 | BE36: =SUM(U36,AM36,AV36) -> 34 | BF36: =SUM(BC36:BE36) -> 89 | BG36: =SUM(V36,X36,Z36,AC36,AK36,AS36) -> 0 | BH36: =SUM(W36,AG36,AX36) -> 0 | BI36: =SUM(Y36,AH36,AO36,AY36) -> 0 | BJ36: =SUM(AA36,AP36,AZ36) -> 0 | BK36: =SUM(BH36:BJ36) -> 0
A37: 4권역 | B37: 미추홀구 | C37: 미추홀구 | D37: 주안2동 | E37: 사립 | F37: 참빛유치원 | G37: 39508 | H37: 미추홀구 수봉로 135번길 29(주안2동 660-168) | I37: 782 | J37: 22166 | K37: 882-9371 | L37: 881-9371 | M37: 6 | O37: 144 | P37: 1 | Q37: 11 | R37: 2 | S37: 28 | T37: 2 | U37: 26 | AF37: =SUM(AD37:AE37) -> 0 | AI37: =SUM(AG37:AH37) -> 0 | AN37: =SUM(AL37:AM37) -> 0 | AQ37: =SUM(AO37:AP37) -> 0 | AW37: =SUM(AT37:AV37) -> 0 | BA37: =SUM(AX37:AZ37) -> 0 | BB37: =SUM(P37,R37,T37,AB37,AJ37,AR37) -> 5 | BC37: =SUM(Q37,AD37,AT37) -> 11 | BD37: =SUM(S37,AE37,AL37,AU37) -> 28 | BE37: =SUM(U37,AM37,AV37) -> 26 | BF37: =SUM(BC37:BE37) -> 65 | BG37: =SUM(V37,X37,Z37,AC37,AK37,AS37) -> 0 | BH37: =SUM(W37,AG37,AX37) -> 0 | BI37: =SUM(Y37,AH37,AO37,AY37) -> 0 | BJ37: =SUM(AA37,AP37,AZ37) -> 0 | BK37: =SUM(BH37:BJ37) -> 0
A38: 4권역 | B38: 미추홀구 | C38: 미추홀구 | D38: 주안3동 | E38: 사립 | F38: 건영유치원 | G38: 40974 | H38: 미추홀구 인하로221번길 19(주안동 1418-126) | I38: 716 | J38: 22213 | K38: 866-6854 | L38: 714-3795 | M38: 10 | O38: 215 | P38: 4 | Q38: 57 | R38: 3 | S38: 49 | T38: 3 | U38: 63 | AF38: =SUM(AD38:AE38) -> 0 | AI38: =SUM(AG38:AH38) -> 0 | AN38: =SUM(AL38:AM38) -> 0 | AQ38: =SUM(AO38:AP38) -> 0 | AW38: =SUM(AT38:AV38) -> 0 | BA38: =SUM(AX38:AZ38) -> 0 | BB38: =SUM(P38,R38,T38,AB38,AJ38,AR38) -> 10 | BC38: =SUM(Q38,AD38,AT38) -> 57 | BD38: =SUM(S38,AE38,AL38,AU38) -> 49 | BE38: =SUM(U38,AM38,AV38) -> 63 | BF38: =SUM(BC38:BE38) -> 169 | BG38: =SUM(V38,X38,Z38,AC38,AK38,AS38) -> 0 | BH38: =SUM(W38,AG38,AX38) -> 0 | BI38: =SUM(Y38,AH38,AO38,AY38) -> 0 | BJ38: =SUM(AA38,AP38,AZ38) -> 0 | BK38: =SUM(BH38:BJ38) -> 0
A39: 4권역 | B39: 미추홀구 | C39: 미추홀구 | D39: 주안3동 | E39: 사립 | F39: 동원유치원 | G39: 29646 | H39: 미추홀구 인하로235번길 27(주안동 1420-32) | I39: 864 | J39: 22214 | K39: 866-2657 | L39: 876-2657 | M39: 7 | O39: 270 | P39: 2 | Q39: 48 | R39: 3 | S39: 61 | T39: 2 | U39: 57 | AF39: =SUM(AD39:AE39) -> 0 | AI39: =SUM(AG39:AH39) -> 0 | AN39: =SUM(AL39:AM39) -> 0 | AQ39: =SUM(AO39:AP39) -> 0 | AW39: =SUM(AT39:AV39) -> 0 | BA39: =SUM(AX39:AZ39) -> 0 | BB39: =SUM(P39,R39,T39,AB39,AJ39,AR39) -> 7 | BC39: =SUM(Q39,AD39,AT39) -> 48 | BD39: =SUM(S39,AE39,AL39,AU39) -> 61 | BE39: =SUM(U39,AM39,AV39) -> 57 | BF39: =SUM(BC39:BE39) -> 166 | BG39: =SUM(V39,X39,Z39,AC39,AK39,AS39) -> 0 | BH39: =SUM(W39,AG39,AX39) -> 0 | BI39: =SUM(Y39,AH39,AO39,AY39) -> 0 | BJ39: =SUM(AA39,AP39,AZ39) -> 0 | BK39: =SUM(BH39:BJ39) -> 0
A40: 4권역 | B40: 미추홀구 | C40: 미추홀구 | D40: 주안4동 | E40: 사립 | F40: 소라유치원 | G40: 29646 | H40: 미추홀구 경원대로 799(주안동 253-14) | I40: 943 | J40: 22150 | K40: 424-2364 | L40: 434-2172 | M40: 8 | O40: 300 | AF40: =SUM(AD40:AE40) -> 0 | AI40: =SUM(AG40:AH40) -> 0 | AN40: =SUM(AL40:AM40) -> 0 | AQ40: =SUM(AO40:AP40) -> 0 | AW40: =SUM(AT40:AV40) -> 0 | BA40: =SUM(AX40:AZ40) -> 0 | BB40: =SUM(P40,R40,T40,AB40,AJ40,AR40) -> 0 | BC40: =SUM(Q40,AD40,AT40) -> 0 | BD40: =SUM(S40,AE40,AL40,AU40) -> 0 | BE40: =SUM(U40,AM40,AV40) -> 0 | BF40: =SUM(BC40:BE40) -> 0 | BG40: =SUM(V40,X40,Z40,AC40,AK40,AS40) -> 0 | BH40: =SUM(W40,AG40,AX40) -> 0 | BI40: =SUM(Y40,AH40,AO40,AY40) -> 0 | BJ40: =SUM(AA40,AP40,AZ40) -> 0 | BK40: =SUM(BH40:BJ40) -> 0 | BL40: 휴원
A41: 4권역 | B41: 미추홀구 | C41: 미추홀구 | D41: 주안동 | E41: 사립 | F41: 하늘유치원 | G41: 37694 | H41: 미추홀구 미추홀대로 626번길 47(주안동1475-36) | I41: 291 | J41: 22151 | K41: 439-0071 | L41: 439-0072 | M41: 3 | O41: 68 | P41: 1 | Q41: 20 | R41: 1 | S41: 21 | T41: 1 | U41: 26 | AF41: =SUM(AD41:AE41) -> 0 | AI41: =SUM(AG41:AH41) -> 0 | AN41: =SUM(AL41:AM41) -> 0 | AQ41: =SUM(AO41:AP41) -> 0 | AW41: =SUM(AT41:AV41) -> 0 | BA41: =SUM(AX41:AZ41) -> 0 | BB41: =SUM(P41,R41,T41,AB41,AJ41,AR41) -> 3 | BC41: =SUM(Q41,AD41,AT41) -> 20 | BD41: =SUM(S41,AE41,AL41,AU41) -> 21 | BE41: =SUM(U41,AM41,AV41) -> 26 | BF41: =SUM(BC41:BE41) -> 67 | BG41: =SUM(V41,X41,Z41,AC41,AK41,AS41) -> 0 | BH41: =SUM(W41,AG41,AX41) -> 0 | BI41: =SUM(Y41,AH41,AO41,AY41) -> 0 | BJ41: =SUM(AA41,AP41,AZ41) -> 0 | BK41: =SUM(BH41:BJ41) -> 0
A42: 4권역 | B42: 미추홀구 | C42: 미추홀구 | D42: 주안5동 | E42: 사립 | F42: 미주유치원 | G42: 33298 | H42: 미추홀구 석정로 461번길 19(주안동 19-42) | I42: 835 | J42: 22124 | K42: 875-3220 | L42: 872-8855 | M42: 8 | O42: 200 | P42: 3 | Q42: 73 | R42: 3 | S42: 58 | T42: 2 | U42: 56 | AF42: =SUM(AD42:AE42) -> 0 | AI42: =SUM(AG42:AH42) -> 0 | AN42: =SUM(AL42:AM42) -> 0 | AQ42: =SUM(AO42:AP42) -> 0 | AW42: =SUM(AT42:AV42) -> 0 | BA42: =SUM(AX42:AZ42) -> 0 | BB42: =SUM(P42,R42,T42,AB42,AJ42,AR42) -> 8 | BC42: =SUM(Q42,AD42,AT42) -> 73 | BD42: =SUM(S42,AE42,AL42,AU42) -> 58 | BE42: =SUM(U42,AM42,AV42) -> 56 | BF42: =SUM(BC42:BE42) -> 187 | BG42: =SUM(V42,X42,Z42,AC42,AK42,AS42) -> 0 | BH42: =SUM(W42,AG42,AX42) -> 0 | BI42: =SUM(Y42,AH42,AO42,AY42) -> 0 | BJ42: =SUM(AA42,AP42,AZ42) -> 0 | BK42: =SUM(BH42:BJ42) -> 0
A43: 4권역 | B43: 미추홀구 | C43: 미추홀구 | D43: 주안5동 | E43: 사립 | F43: 연흥유치원 | G43: 29281 | H43: 미추홀구 석정로434번길 12(주안동 23-19) | I43: 1274 | J43: 22129 | K43: 866-2713 | L43: 863-7482 | M43: 6 | O43: 146 | P43: 2 | Q43: 22 | R43: 1 | S43: 25 | T43: 2 | U43: 36 | AF43: =SUM(AD43:AE43) -> 0 | AI43: =SUM(AG43:AH43) -> 0 | AN43: =SUM(AL43:AM43) -> 0 | AQ43: =SUM(AO43:AP43) -> 0 | AW43: =SUM(AT43:AV43) -> 0 | BA43: =SUM(AX43:AZ43) -> 0 | BB43: =SUM(P43,R43,T43,AB43,AJ43,AR43) -> 5 | BC43: =SUM(Q43,AD43,AT43) -> 22 | BD43: =SUM(S43,AE43,AL43,AU43) -> 25 | BE43: =SUM(U43,AM43,AV43) -> 36 | BF43: =SUM(BC43:BE43) -> 83 | BG43: =SUM(V43,X43,Z43,AC43,AK43,AS43) -> 0 | BH43: =SUM(W43,AG43,AX43) -> 0 | BI43: =SUM(Y43,AH43,AO43,AY43) -> 0 | BJ43: =SUM(AA43,AP43,AZ43) -> 0 | BK43: =SUM(BH43:BJ43) -> 0
A44: 4권역 | B44: 미추홀구 | C44: 미추홀구 | D44: 주안5동 | E44: 사립 | F44: 용화유치원 | G44: 36951 | H44: 미추홀구 주염로 29(주안동 16-141) | I44: 2892 | J44: 22125 | K44: 875-6543 | L44: 875-6545 | M44: 6 | O44: 192 | R44: 3 | S44: 45 | T44: 2 | U44: 39 | AF44: =SUM(AD44:AE44) -> 0 | AI44: =SUM(AG44:AH44) -> 0 | AN44: =SUM(AL44:AM44) -> 0 | AQ44: =SUM(AO44:AP44) -> 0 | AW44: =SUM(AT44:AV44) -> 0 | BA44: =SUM(AX44:AZ44) -> 0 | BB44: =SUM(P44,R44,T44,AB44,AJ44,AR44) -> 5 | BC44: =SUM(Q44,AD44,AT44) -> 0 | BD44: =SUM(S44,AE44,AL44,AU44) -> 45 | BE44: =SUM(U44,AM44,AV44) -> 39 | BF44: =SUM(BC44:BE44) -> 84 | BG44: =SUM(V44,X44,Z44,AC44,AK44,AS44) -> 0 | BH44: =SUM(W44,AG44,AX44) -> 0 | BI44: =SUM(Y44,AH44,AO44,AY44) -> 0 | BJ44: =SUM(AA44,AP44,AZ44) -> 0 | BK44: =SUM(BH44:BJ44) -> 0
A45: 4권역 | B45: 미추홀구 | C45: 미추홀구 | D45: 주안6동 | E45: 사립 | F45: 솔샘유치원 | G45: 39603 | H45: 미추홀구 석산로 38(주안동 1618) | I45: 750 | J45: 22144 | K45: 429-1900 | L45: 429-1902 | M45: 8 | O45: 156 | P45: 2 | Q45: 29 | R45: 3 | S45: 51 | T45: 3 | U45: 62 | AF45: =SUM(AD45:AE45) -> 0 | AI45: =SUM(AG45:AH45) -> 0 | AN45: =SUM(AL45:AM45) -> 0 | AQ45: =SUM(AO45:AP45) -> 0 | AW45: =SUM(AT45:AV45) -> 0 | BA45: =SUM(AX45:AZ45) -> 0 | BB45: =SUM(P45,R45,T45,AB45,AJ45,AR45) -> 8 | BC45: =SUM(Q45,AD45,AT45) -> 29 | BD45: =SUM(S45,AE45,AL45,AU45) -> 51 | BE45: =SUM(U45,AM45,AV45) -> 62 | BF45: =SUM(BC45:BE45) -> 142 | BG45: =SUM(V45,X45,Z45,AC45,AK45,AS45) -> 0 | BH45: =SUM(W45,AG45,AX45) -> 0 | BI45: =SUM(Y45,AH45,AO45,AY45) -> 0 | BJ45: =SUM(AA45,AP45,AZ45) -> 0 | BK45: =SUM(BH45:BJ45) -> 0
A46: 4권역 | B46: 미추홀구 | C46: 미추홀구 | D46: 주안7동 | E46: 사립 | F46: 국현유치원 | G46: 40975 | H46: 미추홀구 미추홀대로597번길 42(주안동 1446-8) | I46: 403 | J46: 22215 | K46: 428-6639 | L46: 232-6539 | M46: 10 | O46: 229 | P46: 3 | Q46: 41 | R46: 3 | S46: 63 | T46: 3 | U46: 56 | AF46: =SUM(AD46:AE46) -> 0 | AI46: =SUM(AG46:AH46) -> 0 | AN46: =SUM(AL46:AM46) -> 0 | AQ46: =SUM(AO46:AP46) -> 0 | AW46: =SUM(AT46:AV46) -> 0 | BA46: =SUM(AX46:AZ46) -> 0 | BB46: =SUM(P46,R46,T46,AB46,AJ46,AR46) -> 9 | BC46: =SUM(Q46,AD46,AT46) -> 41 | BD46: =SUM(S46,AE46,AL46,AU46) -> 63 | BE46: =SUM(U46,AM46,AV46) -> 56 | BF46: =SUM(BC46:BE46) -> 160 | BG46: =SUM(V46,X46,Z46,AC46,AK46,AS46) -> 0 | BH46: =SUM(W46,AG46,AX46) -> 0 | BI46: =SUM(Y46,AH46,AO46,AY46) -> 0 | BJ46: =SUM(AA46,AP46,AZ46) -> 0 | BK46: =SUM(BH46:BJ46) -> 0
A47: 4권역 | B47: 미추홀구 | C47: 미추홀구 | D47: 주안8동 | E47: 사립 | F47: 도담유치원 | G47: 2007.04.24 | H47: 미추홀구 인하로 319(주안동 1492-5) | I47: 334.7 | J47: 22227 | K47: 422-5100 | M47: 5 | O47: 140 | P47: 1 | Q47: 8 | R47: 1 | S47: 11 | T47: 1 | U47: 11 | AF47: =SUM(AD47:AE47) -> 0 | AI47: =SUM(AG47:AH47) -> 0 | AN47: =SUM(AL47:AM47) -> 0 | AQ47: =SUM(AO47:AP47) -> 0 | AW47: =SUM(AT47:AV47) -> 0 | BA47: =SUM(AX47:AZ47) -> 0 | BB47: =SUM(P47,R47,T47,AB47,AJ47,AR47) -> 3 | BC47: =SUM(Q47,AD47,AT47) -> 8 | BD47: =SUM(S47,AE47,AL47,AU47) -> 11 | BE47: =SUM(U47,AM47,AV47) -> 11 | BF47: =SUM(BC47:BE47) -> 30 | BG47: =SUM(V47,X47,Z47,AC47,AK47,AS47) -> 0 | BH47: =SUM(W47,AG47,AX47) -> 0 | BI47: =SUM(Y47,AH47,AO47,AY47) -> 0 | BJ47: =SUM(AA47,AP47,AZ47) -> 0 | BK47: =SUM(BH47:BJ47) -> 0
A48: 4권역 | B48: 미추홀구 | C48: 미추홀구 | D48: 주안8동 | E48: 사립 | F48: 진흥유치원 | G48: 35128 | H48: 미추홀구 주승로 109(주안동 1606) | I48: 1576 | J48: 22230 | K48: 425-0360 | L48: 438-0360 | M48: 5 | O48: 127 | P48: 2 | Q48: 35 | R48: 1 | S48: 20 | T48: 2 | U48: 41 | AF48: =SUM(AD48:AE48) -> 0 | AI48: =SUM(AG48:AH48) -> 0 | AN48: =SUM(AL48:AM48) -> 0 | AQ48: =SUM(AO48:AP48) -> 0 | AW48: =SUM(AT48:AV48) -> 0 | BA48: =SUM(AX48:AZ48) -> 0 | BB48: =SUM(P48,R48,T48,AB48,AJ48,AR48) -> 5 | BC48: =SUM(Q48,AD48,AT48) -> 35 | BD48: =SUM(S48,AE48,AL48,AU48) -> 20 | BE48: =SUM(U48,AM48,AV48) -> 41 | BF48: =SUM(BC48:BE48) -> 96 | BG48: =SUM(V48,X48,Z48,AC48,AK48,AS48) -> 0 | BH48: =SUM(W48,AG48,AX48) -> 0 | BI48: =SUM(Y48,AH48,AO48,AY48) -> 0 | BJ48: =SUM(AA48,AP48,AZ48) -> 0 | BK48: =SUM(BH48:BJ48) -> 0
A49: 미추홀구 사립 계 | E49: =COUNTA(E22:E48) -> 27 | M49: =SUM(M22:M48) -> 166 | N49: =SUM(N22:N48) -> 0 | O49: =SUM(O22:O48) -> 4472 | P49: =SUM(P22:P48) -> 44 | Q49: =SUM(Q22:Q48) -> 732 | R49: =SUM(R22:R48) -> 45 | S49: =SUM(S22:S48) -> 915 | T49: =SUM(T22:T48) -> 47 | ... BK49: =SUM(BK22:BK48) -> 0
A50: 미추홀구 합계 | F50: =E21+E49 -> 40 | M50: =M21+M49 -> 195 | N50: =N21+N49 -> 4 | O50: =O21+O49 -> 4973 | P50: =P21+P49 -> 48 | Q50: =Q21+Q49 -> 761 | R50: =R21+R49 -> 51 | S50: =S21+S49 -> 965 | T50: =T21+T49 -> 58 | ... BK50: =BK21+BK49 -> 13
A51: 1권역 | B51: 동구 | C51: 제물포구 | D51: 금창동 | E51: 공립 | F51: 인천창영초등학교병설유치원 | G51: 34759 | H51: 동구 우각로 15번길 16(창영동 30번지) | I51: 14007 | J51: 22564 | K51: 629-1957 | L51: 765-2348 | M51: 1 | N51: 0 | O51: 19 | AF51: =SUM(AD51:AE51) -> 0 | AI51: =SUM(AG51:AH51) -> 0 | AJ51: 1 | AM51: 4 | AN51: =SUM(AL51:AM51) -> 4 | AQ51: =SUM(AO51:AP51) -> 0 | AW51: =SUM(AT51:AV51) -> 0 | BA51: =SUM(AX51:AZ51) -> 0 | BB51: =SUM(P51,R51,T51,AB51,AJ51,AR51) -> 1 | BC51: =SUM(Q51,AD51,AT51) -> 0 | BD51: =SUM(S51,AE51,AL51,AU51) -> 0 | BE51: =SUM(U51,AM51,AV51) -> 4 | BF51: =SUM(BC51:BE51) -> 4 | BG51: =SUM(V51,X51,Z51,AC51,AK51,AS51) -> 0 | BH51: =SUM(W51,AG51,AX51) -> 0 | BI51: =SUM(Y51,AH51,AO51,AY51) -> 0 | BJ51: =SUM(AA51,AP51,AZ51) -> 0 | BK51: =SUM(BH51:BJ51) -> 0
A52: 2권역 | B52: 동구 | C52: 제물포구 | D52: 화수동 | E52: 공립 | F52: 인천만석초등학교병설유치원 | G52: 31088 | H52: 동구 제물량로 412(화수동 11-6) | I52: 8764 | J52: 22511 | K52: 772-4784 | L52: 772-4791 | M52: 3 | N52: 0 | O52: 48 | BL52: 휴원
A53: 2권역 | B53: 동구 | C53: 제물포구 | D53: 송림동 | E53: 공립 | F53: 인천서림초등학교병설유치원 | G53: 34759 | H53: 동구 금곡로 105(송림동 61-11) | I53: 17092 | J53: 22558 | K53: 629-1757 | L53: 629-1772 | M53: 2 | N53: 0 | O53: 36 | P53: 0 | Q53: 0 | R53: 0 | S53: 0 | T53: 1 | U53: 7 | V53: 0 | W53: 0 | X53: 0 | Y53: 0 | Z53: 0 | AA53: 0 | AB53: 1 | AC53: 0 | AD53: 8 | AE53: 4 | AF53: =SUM(AD53:AE53) -> 12 | AG53: 0 | AH53: 0 | AI53: =SUM(AG53:AH53) -> 0 | AJ53: 0 | AK53: 0 | AL53: 0 | AM53: 0 | AN53: =SUM(AL53:AM53) -> 0 | AO53: 0 | AP53: 0 | AQ53: =SUM(AO53:AP53) -> 0 | AR53: 0 | AS53: 0 | AT53: 0 | AU53: 0 | AV53: 0 | AW53: =SUM(AT53:AV53) -> 0 | AX53: 0 | AY53: 0 | AZ53: 0 | BA53: =SUM(AX53:AZ53) -> 0 | BB53: =SUM(P53,R53,T53,AB53,AJ53,AR53) -> 2 | BC53: =SUM(Q53,AD53,AT53) -> 8 | BD53: =SUM(S53,AE53,AL53,AU53) -> 4 | BE53: =SUM(U53,AM53,AV53) -> 7 | BF53: =SUM(BC53:BE53) -> 19 | BG53: =SUM(V53,X53,Z53,AC53,AK53,AS53) -> 0 | BH53: =SUM(W53,AG53,AX53) -> 0 | BI53: =SUM(Y53,AH53,AO53,AY53) -> 0 | BJ53: =SUM(AA53,AP53,AZ53) -> 0 | BK53: =SUM(BH53:BJ53) -> 0
A54: 2권역 | B54: 동구 | C54: 제물포구 | D54: 송림동 | E54: 공립 | F54: 인천서흥초등학교병설유치원 | G54: 35755 | H54: 동구 샛골로 189(송림동 34-1) | I54: 7162 | J54: 22540 | K54: 629-0044 | L54: 629-0041 | M54: 2 | N54: 0 | O54: 36 | P54: 0 | Q54: 0 | R54: 0 | S54: 0 | T54: 0 | U54: 0 | V54: 0 | W54: 0 | X54: 0 | Y54: 0 | Z54: 0 | AA54: 0 | AB54: 0 | AC54: 0 | AD54: 0 | AE54: 0 | AF54: 0 | AG54: 0 | AH54: 0 | AI54: 0 | AJ54: 0 | AK54: 0 | AL54: 0 | AM54: 0 | AN54: 0 | AO54: 0 | AP54: 0 | AQ54: 0 | AR54: 1 | AS54: 0 | AT54: 3 | AU54: 0 | AV54: 4 | AW54: 7 | AX54: 0 | AY54: 0 | AZ54: 0 | BA54: 0 | BB54: 1 | BC54: 3 | BD54: 0 | BE54: 4 | BF54: 7 | BG54: 0 | BH54: 0 | BI54: 0 | BJ54: 0 | BK54: 0
A55: 2권역 | B55: 동구 | C55: 제물포구 | D55: 송림동 | E55: 공립 | F55: 인천송림초등학교병설유치원 | G55: 32200 | H55: 동구 화도진로 10(송림동 235-1번지) | I55: 13224 | J55: 22552 | K55: 458-9600 | L55: 764-2344 | M55: 2 | N55: 1 | O55: 36 | T55: 1 | U55: 2 | AB55: 1 | AD55: 1 | AE55: 2 | AF55: =SUM(AD55:AE55) -> 3 | AI55: =SUM(AG55:AH55) -> 0 | AN55: =SUM(AL55:AM55) -> 0 | AQ55: =SUM(AO55:AP55) -> 0 | AS55: 1 | AW55: =SUM(AT55:AV55) -> 0 | AZ55: 2 | BA55: =SUM(AX55:AZ55) -> 2 | BB55: =SUM(P55,R55,T55,AB55,AJ55,AR55) -> 2 | BC55: =SUM(Q55,AD55,AT55) -> 1 | BD55: =SUM(S55,AE55,AL55,AU55) -> 2 | BE55: =SUM(U55,AM55,AV55) -> 2 | BF55: =SUM(BC55:BE55) -> 5 | BG55: =SUM(V55,X55,Z55,AC55,AK55,AS55) -> 1 | BH55: =SUM(W55,AG55,AX55) -> 0 | BI55: =SUM(Y55,AH55,AO55,AY55) -> 0 | BJ55: =SUM(AA55,AP55,AZ55) -> 2 | BK55: =SUM(BH55:BJ55) -> 2
A56: 2권역 | B56: 동구 | C56: 제물포구 | D56: 화수2동 | E56: 공립 | F56: 인천송현초등학교병설유치원 | G56: 35499 | H56: 동구 송화로 45(송현동 66-21) | I56: 17000 | J56: 22521 | K56: 629-1921 | L56: 629-1925 | M56: 2 | N56: 0 | O56: 36 | P56: 1 | Q56: 2 | R56: 0 | S56: 0 | T56: 0 | U56: 0 | V56: 0 | W56: 0 | X56: 0 | Y56: 0 | Z56: 0 | AA56: 0 | AB56: 0 | AC56: 0 | AD56: 0 | AE56: 0 | AF56: 0 | AG56: 0 | AH56: 0 | AI56: 0 | AJ56: 0 | AK56: 0 | AL56: 0 | AM56: 0 | AN56: 0 | AO56: 0 | AP56: 0 | AQ56: 0 | AR56: 0 | AS56: 0 | AT56: 0 | AU56: 0 | AV56: 0 | AW56: 0 | AX56: 0 | AY56: 0 | AZ56: 0 | BA56: 0 | BB56: 1 | BC56: 2 | BD56: 0 | BE56: 0 | BF56: 0 | BG56: 0 | BH56: 0 | BI56: 0 | BJ56: 0 | BK56: 0
A57: 동구 공립 계 | E57: =COUNTA(E51:E56) -> 6 | M57: =SUM(M51:M56) -> 12 | N57: =SUM(N51:N56) -> 1 | O57: =SUM(O51:O56) -> 211 | P57: =SUM(P51:P56) -> 1 | Q57: =SUM(Q51:Q56) -> 2 | R57: =SUM(R51:R56) -> 0 | S57: =SUM(S51:S56) -> 0 | T57: =SUM(T51:T56) -> 2 | ... BK57: =SUM(BK51:BK56) -> 2
A58: 2권역 | B58: 동구 | C58: 제물포구 | D58: 송림3,5동 | E58: 사립 | F58: 재능대학교부속유치원 | G58: 30376 | H58: 동구 재능로 178(송림동 37-273) | I58: 2796 | J58: 22573 | K58: 761-5000 | L58: 762-3504 | M58: 9 | O58: 210 | P58: 3 | Q58: 48 | R58: 2 | S58: 61 | T58: 2 | U58: 54 | AF58: =SUM(AD58:AE58) -> 0 | AI58: =SUM(AG58:AH58) -> 0 | AN58: =SUM(AL58:AM58) -> 0 | AQ58: =SUM(AO58:AP58) -> 0 | AW58: =SUM(AT58:AV58) -> 0 | BA58: =SUM(AX58:AZ58) -> 0 | BB58: =SUM(P58,R58,T58,AB58,AJ58,AR58) -> 7 | BC58: =SUM(Q58,AD58,AT58) -> 48 | BD58: =SUM(S58,AE58,AL58,AU58) -> 61 | BE58: =SUM(U58,AM58,AV58) -> 54 | BF58: =SUM(BC58:BE58) -> 163 | BG58: =SUM(V58,X58,Z58,AC58,AK58,AS58) -> 0 | BH58: =SUM(W58,AG58,AX58) -> 0 | BI58: =SUM(Y58,AH58,AO58,AY58) -> 0 | BJ58: =SUM(AA58,AP58,AZ58) -> 0 | BK58: =SUM(BH58:BJ58) -> 0
A59: 2권역 | B59: 동구 | C59: 제물포구 | D59: 송림6동 | E59: 사립 | F59: 산새소리유치원 | G59: 40617 | H59: 동구 송림로 117번길 6(송림동 42-31) | I59: 534 | J59: 22545 | K59: 212-1577 | M59: 8 | O59: 217 | T59: 1 | U59: 4 | AD59: 2 | AE59: 1 | AF59: =SUM(AD59:AE59) -> 3 | AI59: =SUM(AG59:AH59) -> 0 | AN59: =SUM(AL59:AM59) -> 0 | AQ59: =SUM(AO59:AP59) -> 0 | AW59: =SUM(AT59:AV59) -> 0 | BA59: =SUM(AX59:AZ59) -> 0 | BB59: =SUM(P59,R59,T59,AB59,AJ59,AR59) -> 1 | BC59: =SUM(Q59,AD59,AT59) -> 2 | BD59: =SUM(S59,AE59,AL59,AU59) -> 1 | BE59: =SUM(U59,AM59,AV59) -> 4 | BF59: =SUM(BC59:BE59) -> 7 | BG59: =SUM(V59,X59,Z59,AC59,AK59,AS59) -> 0 | BH59: =SUM(W59,AG59,AX59) -> 0 | BI59: =SUM(Y59,AH59,AO59,AY59) -> 0 | BJ59: =SUM(AA59,AP59,AZ59) -> 0 | BK59: =SUM(BH59:BJ59) -> 0
A60: 2권역 | B60: 동구 | C60: 제물포구 | D60: 송현1,2동 | E60: 사립 | F60: 솔빛유치원 | G60: 40603 | H60: 동구 화수로 2(송현동 167) | I60: 520 | J60: 22546 | K60: 777-5021 | L60: 765-6060 | M60: 7 | O60: 168 | P60: 2 | Q60: 32 | R60: 2 | S60: 44 | T60: 1 | U60: 28 | AF60: =SUM(AD60:AE60) -> 0 | AI60: =SUM(AG60:AH60) -> 0 | AN60: =SUM(AL60:AM60) -> 0 | AQ60: =SUM(AO60:AP60) -> 0 | AW60: =SUM(AT60:AV60) -> 0 | BA60: =SUM(AX60:AZ60) -> 0 | BB60: =SUM(P60,R60,T60,AB60,AJ60,AR60) -> 5 | BC60: =SUM(Q60,AD60,AT60) -> 32 | BD60: =SUM(S60,AE60,AL60,AU60) -> 44 | BE60: =SUM(U60,AM60,AV60) -> 28 | BF60: =SUM(BC60:BE60) -> 104 | BG60: =SUM(V60,X60,Z60,AC60,AK60,AS60) -> 0 | BH60: =SUM(W60,AG60,AX60) -> 0 | BI60: =SUM(Y60,AH60,AO60,AY60) -> 0 | BJ60: =SUM(AA60,AP60,AZ60) -> 0 | BK60: =SUM(BH60:BJ60) -> 0
A61: 2권역 | B61: 동구 | C61: 제물포구 | D61: 송현1,2동 | E61: 사립 | F61: 예원유치원 | G61: 42248 | H61: 동구 송현로(송현동 38-1) | I61: 484 | J61: 22546 | K61: 763-2958 | L61: 715-4325 | M61: 3 | O61: 74 | P61: 1 | Q61: 16 | R61: 1 | S61: 12 | T61: 1 | U61: 13 | AF61: =SUM(AD61:AE61) -> 0 | AI61: =SUM(AG61:AH61) -> 0 | AN61: =SUM(AL61:AM61) -> 0 | AQ61: =SUM(AO61:AP61) -> 0 | AW61: =SUM(AT61:AV61) -> 0 | BA61: =SUM(AX61:AZ61) -> 0 | BB61: =SUM(P61,R61,T61,AB61,AJ61,AR61) -> 3 | BC61: =SUM(Q61,AD61,AT61) -> 16 | BD61: =SUM(S61,AE61,AL61,AU61) -> 12 | BE61: =SUM(U61,AM61,AV61) -> 13 | BF61: =SUM(BC61:BE61) -> 41 | BG61: =SUM(V61,X61,Z61,AC61,AK61,AS61) -> 0 | BH61: =SUM(W61,AG61,AX61) -> 0 | BI61: =SUM(Y61,AH61,AO61,AY61) -> 0 | BJ61: =SUM(AA61,AP61,AZ61) -> 0 | BK61: =SUM(BH61:BJ61) -> 0
A62: 2권역 | B62: 동구 | C62: 제물포구 | D62: 송현1,2동 | E62: 사립 | F62: 한울유치원 | G62: 38412 | H62: 동구 솔빛로 17(송현동 155) | I62: 634 | J62: 22548 | K62: 777-2007 | L62: 777-2008 | M62: 8 | O62: 184 | P62: 3 | Q62: 28 | R62: 3 | S62: 39 | T62: 2 | U62: 31 | AF62: =SUM(AD62:AE62) -> 0 | AI62: =SUM(AG62:AH62) -> 0 | AN62: =SUM(AL62:AM62) -> 0 | AQ62: =SUM(AO62:AP62) -> 0 | AW62: =SUM(AT62:AV62) -> 0 | BA62: =SUM(AX62:AZ62) -> 0 | BB62: =SUM(P62,R62,T62,AB62,AJ62,AR62) -> 8 | BC62: =SUM(Q62,AD62,AT62) -> 28 | BD62: =SUM(S62,AE62,AL62,AU62) -> 39 | BE62: =SUM(U62,AM62,AV62) -> 31 | BF62: =SUM(BC62:BE62) -> 98 | BG62: =SUM(V62,X62,Z62,AC62,AK62,AS62) -> 0 | BH62: =SUM(W62,AG62,AX62) -> 0 | BI62: =SUM(Y62,AH62,AO62,AY62) -> 0 | BJ62: =SUM(AA62,AP62,AZ62) -> 0 | BK62: =SUM(BH62:BJ62) -> 0
A63: 2권역 | B63: 동구 | C63: 제물포구 | D63: 화수2동 | E63: 사립 | F63: 송현유치원 | G63: 33298 | H63: 동구 화수로 40(송현동 66-777) | I63: 389 | J63: 22522 | K63: 764-8078 | L63: 765-8078 | M63: 9 | O63: 234 | P63: 2 | Q63: 16 | R63: 2 | S63: 28 | T63: 2 | U63: 34 | AF63: =SUM(AD63:AE63) -> 0 | AI63: =SUM(AG63:AH63) -> 0 | AN63: =SUM(AL63:AM63) -> 0 | AQ63: =SUM(AO63:AP63) -> 0 | AW63: =SUM(AT63:AV63) -> 0 | BA63: =SUM(AX63:AZ63) -> 0 | BB63: =SUM(P63,R63,T63,AB63,AJ63,AR63) -> 6 | BC63: =SUM(Q63,AD63,AT63) -> 16 | BD63: =SUM(S63,AE63,AL63,AU63) -> 28 | BE63: =SUM(U63,AM63,AV63) -> 34 | BF63: =SUM(BC63:BE63) -> 78 | BG63: =SUM(V63,X63,Z63,AC63,AK63,AS63) -> 0 | BH63: =SUM(W63,AG63,AX63) -> 0 | BI63: =SUM(Y63,AH63,AO63,AY63) -> 0 | BJ63: =SUM(AA63,AP63,AZ63) -> 0 | BK63: =SUM(BH63:BJ63) -> 0
A64: 동구 사립 계 | E64: =COUNTA(E58:E63) -> 6 | M64: =SUM(M58:M63) -> 44 | N64: =SUM(N58:N63) -> 0 | O64: =SUM(O58:O63) -> 1087 | P64: =SUM(P58:P63) -> 11 | Q64: =SUM(Q58:Q63) -> 140 | R64: =SUM(R58:R63) -> 10 | S64: =SUM(S58:S63) -> 184 | T64: =SUM(T58:T63) -> 9 | ... BK64: =SUM(BK58:BK63) -> 0
A65: 동구 합계 | F65: =E57+E64 -> 12 | M65: =M57+M64 -> 56 | N65: =N57+N64 -> 1 | O65: =O57+O64 -> 1298 | P65: =P57+P64 -> 12 | Q65: =Q57+Q64 -> 142 | R65: =R57+R64 -> 10 | S65: =S57+S64 -> 184 | T65: =T57+T64 -> 11 | ... BK65: =BK57+BK64 -> 2
A66: 19권역 | B66: 옹진군 | C66: 옹진군 | D66: 북도면 | E66: 공립 | F66: 인천공항초등학교신도분교장병설유치원 | G66: 38443 | H66: 옹진군 북도면 신도로896번길 18-31(신도리 475-1) | I66: 7127 | J66: 23115 | K66: 627-9740 | L66: 752-8954 | M66: 1 | N66: 0 | O66: 18 | P66: 0 | Q66: 0 | R66: 0 | S66: 0 | T66: 0 | U66: 0 | V66: 0 | W66: 0 | X66: 0 | Y66: 0 | Z66: 0 | AA66: 0 | AB66: 0 | AC66: 0 | AD66: 0 | AE66: 0 | AF66: 0 | AG66: 0 | AH66: 0 | AI66: =SUM(AG66:AH66) -> 0 | AJ66: 0 | AK66: 0 | AL66: 0 | AM66: 0 | AN66: 0 | AO66: 0 | AP66: 0 | AQ66: =SUM(AO66:AP66) -> 0 | AR66: 1 | AS66: 0 | AT66: 0 | AU66: 0 | AV66: 1 | AW66: =SUM(AT66:AV66) -> 1 | AX66: 0 | AY66: 0 | AZ66: 0 | BA66: =SUM(AX66:AZ66) -> 0 | BB66: =SUM(P66,R66,T66,AB66,AJ66,AR66) -> 1 | BC66: =SUM(Q66,AD66,AT66) -> 0 | BD66: =SUM(S66,AE66,AL66,AU66) -> 0 | BE66: =SUM(U66,AM66,AV66) -> 1 | BF66: =SUM(BC66:BE66) -> 1 | BG66: =SUM(V66,X66,Z66,AC66,AK66,AS66) -> 0 | BH66: =SUM(W66,AG66,AX66) -> 0 | BI66: =SUM(Y66,AH66,AO66,AY66) -> 0 | BJ66: =SUM(AA66,AP66,AZ66) -> 0 | BK66: =SUM(BH66:BJ66) -> 0
A67: 19권역 | B67: 옹진군 | C67: 옹진군 | D67: 북도면 | E67: 공립 | F67: 인천삼목초등학교장봉분교장병설유치원 | G67: 29646 | H67: 옹진군 북도면 장봉로 553(장봉리 1050) | I67: 12874 | J67: 23111 | K67: 746-8053 | L67: 746-8054 | M67: 1 | O67: 18 | BL67: 휴원
A68: 20권역 | B68: 옹진군 | C68: 옹진군 | D68: 연평면 | E68: 공립 | F68: 연평초등학교병설유치원 | G68: 29281 | H68: 옹진군 연평면 연평로 137번길 101 | I68: 20121 | J68: 23108 | K68: 627-1771 | L68: 831-2159 | M68: 1 | N68: 0 | O68: 18 | P68: 0 | Q68: 0 | R68: 0 | S68: 0 | T68: 0 | U68: 0 | V68: 0 | W68: 0 | X68: 0 | Y68: 0 | Z68: 0 | AA68: 0 | AB68: 0 | AC68: 0 | AD68: 0 | AE68: 0 | AF68: =SUM(AD68:AE68) -> 0 | AG68: 0 | AH68: 0 | AI68: =SUM(AG68:AH68) -> 0 | AJ68: 1 | AK68: 0 | AL68: 0 | AM68: 7 | AN68: =SUM(AL68:AM68) -> 7 | AO68: 0 | AP68: 0 | AQ68: =SUM(AO68:AP68) -> 0 | AR68: 0 | AS68: 0 | AT68: 0 | AU68: 0 | AV68: 0 | AW68: =SUM(AT68:AV68) -> 0 | AX68: 0 | AY68: 0 | AZ68: 0 | BA68: =SUM(AX68:AZ68) -> 0 | BB68: =SUM(P68,R68,T68,AB68,AJ68,AR68) -> 1 | BC68: =SUM(Q68,AD68,AT68) -> 0 | BD68: =SUM(S68,AE68,AL68,AU68) -> 0 | BE68: =SUM(U68,AM68,AV68) -> 7 | BF68: =SUM(BC68:BE68) -> 7 | BG68: =SUM(V68,X68,Z68,AC68,AK68,AS68) -> 0 | BH68: =SUM(W68,AG68,AX68) -> 0 | BI68: =SUM(Y68,AH68,AO68,AY68) -> 0 | BJ68: =SUM(AA68,AP68,AZ68) -> 0 | BK68: =SUM(BH68:BJ68) -> 0
A69: 21권역 | B69: 옹진군 | C69: 옹진군 | D69: 백령면 | E69: 공립 | F69: 북포초등학교병설유치원 | G69: 30011 | H69: 옹진군 백령면 가을길 117(북포리) | I69: 26859 | J69: 23103 | K69: 836-0208 | L69: 836-0209 | M69: 1 | O69: 18 | T69: 1 | U69: 5 | AF69: =SUM(AD69:AE69) -> 0 | AI69: =SUM(AG69:AH69) -> 0 | AN69: =SUM(AL69:AM69) -> 0 | AQ69: =SUM(AO69:AP69) -> 0 | AW69: =SUM(AT69:AV69) -> 0 | BA69: =SUM(AX69:AZ69) -> 0 | BB69: =SUM(P69,R69,T69,AB69,AJ69,AR69) -> 1 | BC69: =SUM(Q69,AD69,AT69) -> 0 | BD69: =SUM(S69,AE69,AL69,AU69) -> 0 | BE69: =SUM(U69,AM69,AV69) -> 5 | BF69: =SUM(BC69:BE69) -> 5 | BG69: =SUM(V69,X69,Z69,AC69,AK69,AS69) -> 0 | BH69: =SUM(W69,AG69,AX69) -> 0 | BI69: =SUM(Y69,AH69,AO69,AY69) -> 0 | BJ69: =SUM(AA69,AP69,AZ69) -> 0 | BK69: =SUM(BH69:BJ69) -> 0
A70: 22권역 | B70: 옹진군 | C70: 옹진군 | D70: 대청면 | E70: 공립 | F70: 대청초등학교병설유치원 | G70: 29655 | H70: 옹진군 대청면 대청로244번길 110(대청리 1138-1) | I70: 13313 | J70: 23105 | K70: 627-1389 | L70: 836-0973 | M70: 1 | N70: 0 | O70: 18 | P70: 0 | Q70: 0 | R70: 0 | S70: 0 | T70: 0 | U70: 0 | V70: 0 | W70: 0 | X70: 0 | Y70: 0 | Z70: 0 | AA70: 0 | AB70: 0 | AC70: 0 | AD70: 0 | AE70: 0 | AF70: =SUM(AD70:AE70) -> 0 | AG70: 0 | AH70: 0 | AI70: =SUM(AG70:AH70) -> 0 | AJ70: 0 | AK70: 0 | AL70: 0 | AM70: 0 | AN70: =SUM(AL70:AM70) -> 0 | AO70: 0 | AP70: 0 | AQ70: =SUM(AO70:AP70) -> 0 | AR70: 1 | AS70: 0 | AT70: 0 | AU70: 0 | AV70: 3 | AW70: =SUM(AT70:AV70) -> 3 | AX70: 0 | AY70: 0 | AZ70: 0 | BA70: =SUM(AX70:AZ70) -> 0 | BB70: =SUM(P70,R70,T70,AB70,AJ70,AR70) -> 1 | BC70: =SUM(Q70,AD70,AT70) -> 0 | BD70: =SUM(S70,AE70,AL70,AU70) -> 0 | BE70: =SUM(U70,AM70,AV70) -> 3 | BF70: =SUM(BC70:BE70) -> 3 | BG70: =SUM(V70,X70,Z70,AC70,AK70,AS70) -> 0 | BH70: =SUM(W70,AG70,AX70) -> 0 | BI70: =SUM(Y70,AH70,AO70,AY70) -> 0 | BJ70: =SUM(AA70,AP70,AZ70) -> 0 | BK70: =SUM(BH70:BJ70) -> 0
A71: 23권역 | B71: 옹진군 | C71: 옹진군 | D71: 덕적면 | E71: 공립 | F71: 덕적초등학교병설유치원 | G71: 29655 | H71: 인천시 옹진군 덕적면 덕적남로 15 (진리 136) | I71: 23463 | J71: 23130 | K71: 454-0575 | L71: 832-9308 | M71: 1 | N71: 0 | O71: 18 | AF71: =SUM(AD71:AE71) -> 0 | AI71: =SUM(AG71:AH71) -> 0 | AN71: =SUM(AL71:AM71) -> 0 | AQ71: =SUM(AO71:AP71) -> 0 | AR71: 1 | AS71: 0 | AU71: 1 | AV71: 1 | AW71: =SUM(AT71:AV71) -> 2 | BA71: =SUM(AX71:AZ71) -> 0 | BB71: =SUM(P71,R71,T71,AB71,AJ71,AR71) -> 1 | BC71: =SUM(Q71,AD71,AT71) -> 0 | BD71: =SUM(S71,AE71,AL71,AU71) -> 1 | BE71: =SUM(U71,AM71,AV71) -> 1 | BF71: =SUM(BC71:BE71) -> 2 | BG71: =SUM(V71,X71,Z71,AC71,AK71,AS71) -> 0 | BH71: =SUM(W71,AG71,AX71) -> 0 | BI71: =SUM(Y71,AH71,AO71,AY71) -> 0 | BJ71: =SUM(AA71,AP71,AZ71) -> 0 | BK71: =SUM(BH71:BJ71) -> 0
A72: 24권역 | B72: 옹진군 | C72: 옹진군 | D72: 자월면 | E72: 공립 | F72: 인천용현남초등학교자월분교장병설유치원 | G72: 31121 | H72: 옹진군 자월면 자월서로 177(자월리 1116-2) | I72: 12758 | J72: 23125 | K72: 831-7419 | L72: 831-7420 | M72: 1 | N72: 0 | O72: 18 | P72: 0 | Q72: 0 | R72: 0 | S72: 0 | T72: 0 | U72: 0 | V72: 0 | W72: 0 | X72: 0 | Y72: 0 | Z72: 0 | AA72: 0 | AB72: 0 | AC72: 0 | AD72: 0 | AE72: 0 | AF72: =SUM(AD72:AE72) -> 0 | AG72: 0 | AH72: 0 | AI72: =SUM(AG72:AH72) -> 0 | AJ72: 0 | AK72: 0 | AL72: 0 | AM72: 0 | AN72: =SUM(AL72:AM72) -> 0 | AO72: 0 | AP72: 0 | AQ72: =SUM(AO72:AP72) -> 0 | AR72: 1 | AS72: 0 | AT72: 0 | AU72: 1 | AV72: 1 | AW72: =SUM(AT72:AV72) -> 2 | AX72: 0 | AY72: 0 | AZ72: 0 | BA72: =SUM(AX72:AZ72) -> 0 | BB72: =SUM(P72,R72,T72,AB72,AJ72,AR72) -> 1 | BC72: =SUM(Q72,AD72,AT72) -> 0 | BD72: =SUM(S72,AE72,AL72,AU72) -> 1 | BE72: =SUM(U72,AM72,AV72) -> 1 | BF72: =SUM(BC72:BE72) -> 2 | BG72: =SUM(V72,X72,Z72,AC72,AK72,AS72) -> 0 | BH72: =SUM(W72,AG72,AX72) -> 0 | BI72: =SUM(Y72,AH72,AO72,AY72) -> 0 | BJ72: =SUM(AA72,AP72,AZ72) -> 0 | BK72: =SUM(BH72:BJ72) -> 0
A73: 24권역 | B73: 옹진군 | C73: 옹진군 | D73: 자월면 | E73: 공립 | F73: 인천남부초등학교이작분교장병설유치원 | G73: 44805 | H73: 옹진군 자월면 대이작로 60번길 | I73: 2229 | J73: 23123 | K73: 629-9000 | L73: 834-6435 | M73: 1 | O73: 18 | AF73: =SUM(AD73:AE73) -> 0 | AI73: =SUM(AG73:AH73) -> 0 | AN73: =SUM(AL73:AM73) -> 0 | AQ73: =SUM(AO73:AP73) -> 0 | AR73: 1 | AT73: 1 | AU73: 1 | AW73: =SUM(AT73:AV73) -> 2 | BA73: =SUM(AX73:AZ73) -> 0 | BB73: =SUM(P73,R73,T73,AB73,AJ73,AR73) -> 1 | BC73: =SUM(Q73,AD73,AT73) -> 1 | BD73: =SUM(S73,AE73,AL73,AU73) -> 1 | BE73: =SUM(U73,AM73,AV73) -> 0 | BF73: =SUM(BC73:BE73) -> 2 | BG73: =SUM(V73,X73,Z73,AC73,AK73,AS73) -> 0 | BH73: =SUM(W73,AG73,AX73) -> 0 | BI73: =SUM(Y73,AH73,AO73,AY73) -> 0 | BJ73: =SUM(AA73,AP73,AZ73) -> 0 | BK73: =SUM(BH73:BJ73) -> 0
A74: 25권역 | B74: 옹진군 | C74: 옹진군 | D74: 영흥면 | E74: 공립 | F74: 영흥초등학교병설유치원 | G74: 29655 | H74: 옹진군 영흥면 영흥로 440-8 | I74: 43239 | J74: 23119 | K74: 627-9833 | L74: 886-0437 | M74: 1 | O74: 18 | AF74: =SUM(AD74:AE74) -> 0 | AI74: =SUM(AG74:AH74) -> 0 | AN74: =SUM(AL74:AM74) -> 0 | AQ74: =SUM(AO74:AP74) -> 0 | AR74: 1 | AU74: 1 | AV74: 3 | AW74: =SUM(AT74:AV74) -> 4 | BA74: =SUM(AX74:AZ74) -> 0 | BB74: =SUM(P74,R74,T74,AB74,AJ74,AR74) -> 1 | BC74: =SUM(Q74,AD74,AT74) -> 0 | BD74: =SUM(S74,AE74,AL74,AU74) -> 1 | BE74: =SUM(U74,AM74,AV74) -> 3 | BF74: =SUM(BC74:BE74) -> 4 | BG74: =SUM(V74,X74,Z74,AC74,AK74,AS74) -> 0 | BH74: =SUM(W74,AG74,AX74) -> 0 | BI74: =SUM(Y74,AH74,AO74,AY74) -> 0 | BJ74: =SUM(AA74,AP74,AZ74) -> 0 | BK74: =SUM(BH74:BJ74) -> 0
A75: 옹진군 공립 계 | E75: =COUNTA(E66:E74) -> 9 | M75: =SUM(M66:M74) -> 9 | N75: =SUM(N66:N74) -> 0 | O75: =SUM(O66:O74) -> 162 | P75: =SUM(P66:P74) -> 0 | Q75: =SUM(Q66:Q74) -> 0 | R75: =SUM(R66:R74) -> 0 | S75: =SUM(S66:S74) -> 0 | T75: =SUM(T66:T74) -> 1 | ... BK75: =SUM(BK66:BK74) -> 0
A76: 21권역 | B76: 옹진군 | C76: 옹진군 | D76: 백령면 | E76: 사립 | F76: 백령성모유치원 | G76: 41466 | H76: 옹진군 백령면 백령로254번길 66(진촌리 807-1) | I76: 490 | J76: 23101 | K76: 836-1223 | L76: 836-8009 | M76: 2 | O76: 70 | AB76: 1 | AD76: 4 | AE76: 1 | AF76: =SUM(AD76:AE76) -> 5 | AI76: =SUM(AG76:AH76) -> 0 | AJ76: 1 | AL76: 1 | AM76: 6 | AN76: =SUM(AL76:AM76) -> 7 | AQ76: =SUM(AO76:AP76) -> 0 | AW76: =SUM(AT76:AV76) -> 0 | BA76: =SUM(AX76:AZ76) -> 0 | BB76: =SUM(P76,R76,T76,AB76,AJ76,AR76) -> 2 | BC76: =SUM(Q76,AD76,AT76) -> 4 | BD76: =SUM(S76,AE76,AL76,AU76) -> 2 | BE76: =SUM(U76,AM76,AV76) -> 6 | BF76: =SUM(BC76:BE76) -> 12 | BG76: =SUM(V76,X76,Z76,AC76,AK76,AS76) -> 0 | BH76: =SUM(W76,AG76,AX76) -> 0 | BI76: =SUM(Y76,AH76,AO76,AY76) -> 0 | BJ76: =SUM(AA76,AP76,AZ76) -> 0 | BK76: =SUM(BH76:BJ76) -> 0
A77: 옹진군 사립 계 | E77: =COUNTA(E76) -> 1 | M77: =M76 -> 2 | N77: =N76 -> 0 | O77: =O76 -> 70 | P77: =P76 -> 0 | Q77: =Q76 -> 0 | R77: =R76 -> 0 | S77: =S76 -> 0 | T77: =T76 -> 0 | ... BK77: =BK76 -> 0
A78: 옹진군 합계 | F78: =E75+E77 -> 10 | M78: =M75+M77 -> 11 | N78: =N75+N77 -> 0 | O78: =O75+O77 -> 232 | P78: =P75+P77 -> 0 | Q78: =Q75+Q77 -> 0 | R78: =R75+R77 -> 0 | S78: =S75+S77 -> 0 | T78: =T75+T77 -> 1 | ... BK78: =BK75+BK77 -> 0
A79: 1권역 | B79: 중구 | C79: 제물포구 | D79: 개항동 | E79: 공립 | F79: 자유유치원 | G79: 37330 | H79: 중구 자유공원로 105(송월동3가 3-140) | I79: 6438 | J79: 22311 | K79: 777-1563 | L79: 777-1561 | M79: 9 | N79: 10 | O79: 144 | P79: 3 | Q79: 20 | R79: 3 | S79: 35 | T79: 3 | U79: 34 | V79: 3 | W79: 7 | X79: 3 | Y79: 11 | Z79: 3 | AA79: 12 | AB79: 0 | AC79: 0 | AD79: 0 | AE79: 0 | AF79: 0 | AG79: 0 | AH79: 0 | AI79: 0 | AJ79: 0 | AK79: 0 | AL79: 0 | AM79: 0 | AN79: 0 | AO79: 0 | AP79: 0 | AQ79: 0 | AR79: 0 | AS79: 1 | AT79: 0 | AU79: 0 | AV79: 0 | AW79: 0 | AX79: 1 | AY79: 1 | AZ79: 0 | BA79: 2 | BB79: 9 | BC79: 20 | BD79: 35 | BE79: 21 | BF79: 76 | BG79: 10 | BH79: 8 | BI79: 12 | BJ79: 12 | BK79: 32
A80: 1권역 | B80: 중구 | C80: 제물포구 | D80: 신흥동 | E80: 공립 | F80: 인천신선초등학교병설유치원 | G80: 37684 | H80: 중구 축항대로291번길 33(신흥동3가 31-8) | I80: 11553 | J80: 22334 | K80: 650-0820 | L80: 650-0812 | M80: 3 | N80: 0 | O80: 48 | P80: 1 | Q80: 9 | R80: 1 | S80: 10 | T80: 1 | U80: 6 | V80: 0 | W80: 0 | X80: 0 | Y80: 0 | Z80: 0 | AA80: 0 | AB80: 0 | AC80: 0 | AD80: 0 | AE80: 0 | AF80: 0 | AG80: 0 | AH80: 0 | AI80: 0 | AJ80: 0 | AK80: 0 | AL80: 0 | AM80: 0 | AN80: 0 | AO80: 0 | AP80: 0 | AQ80: 0 | AR80: 0 | AS80: 0 | AT80: 0 | AU80: 0 | AV80: 0 | AW80: 0 | AX80: 0 | AY80: 0 | AZ80: 0 | BA80: 0 | BB80: 3 | BC80: 9 | BD80: 10 | BE80: 6 | BF80: 25 | BG80: 0 | BH80: 0 | BI80: 0 | BJ80: 0 | BK80: 0
A81: 1권역 | B81: 중구 | C81: 제물포구 | D81: 답동 | E81: 공립 | F81: 인천신흥초등학교병설유치원 | G81: 43770 | H81: 중구 제물량로 134(답동 6) | I81: 15683 | J81: 22321 | K81: 510-7847 | L81: 764-0403 | M81: 2 | O81: 36 | T81: 1 | U81: 10 | AB81: 1 | AE81: 5 | AF81: 5 | AI81: 0 | AN81: 0 | AQ81: 0 | AW81: 0 | BA81: 0 | BB81: 2 | BC81: 0 | BD81: 5 | BE81: 10 | BF81: 15 | BG81: 0 | BH81: 0 | BI81: 0 | BJ81: 0 | BK81: 0
A82: 1권역 | B82: 중구 | C82: 제물포구 | D82: 연안동 | E82: 공립 | F82: 인천연안초등학교병설유치원 | G82: 43525 | H82: 중구 연안부두로33번길 53(항동7가 27-74) | I82: 11582 | J82: 22348 | K82: 629-1479 | L82: 887-7500 | M82: 3 | N82: 0 | O82: 48 | P82: 1 | Q82: 5 | R82: 1 | S82: 9 | T82: 1 | U82: 7 | AF82: 0 | AI82: 0 | AN82: 0 | AQ82: 0 | AW82: 0 | BA82: 0 | BB82: 3 | BC82: 5 | BD82: 9 | BE82: 7 | BF82: 21 | BG82: 0 | BH82: 0 | BI82: 0 | BJ82: 0 | BK82: 0
A83: 1권역 | B83: 중구 | C83: 제물포구 | D83: 동인천동 | E83: 공립 | F83: 인천송월초등학교병설유치원 | G83: 31843 | H83: 중구 자유공원로 106-8(전동 25-37) | I83: 30113 | J83: 22309 | K83: 764-1901 | L83: 764-3818 | M83: 1 | N83: 0 | O83: 19 | AF83: 0 | BL83: 휴원
A84: 18권역 | B84: 중구 | C84: 영종구 | D84: 영종동 | E84: 공립 | F84: 영종유치원 | G84: 39873 | H84: 중구 백운로 57-25(중산동 1347-1) | I84: 18079 | J84: 22358 | K84: 747-1082 | L84: 747-1084 | M84: 12 | N84: 3 | O84: 192 | P84: 4 | Q84: 44 | R84: 4 | S84: 64 | T84: 4 | U84: 67 | V84: 1 | W84: 4 | X84: 1 | Y84: 4 | Z84: 1 | AA84: 4 | AF84: 0 | AI84: 0 | AN84: 0 | AQ84: 0 | AW84: 0 | BA84: 0 | BB84: 12 | BC84: 44 | BD84: 64 | BE84: 67 | BF84: 175 | BG84: 3 | BH84: 4 | BI84: 4 | BJ84: 4 | BK84: 12
A85: 18권역 | B85: 중구 | C85: 영종구 | D85: 운서동 | E85: 공립 | F85: 인천공항유치원 | G85: 41518 | H85: 중구 신도시남로 43(운서동 2788-1) | I85: 11635 | J85: 22370 | K85: 751-8896 | L85: 751-2313 | M85: 5 | N85: 1 | O85: 84 | P85: 1 | Q85: 11 | R85: 2 | S85: 31 | T85: 2 | U85: 33 | AF85: 0 | AI85: 0 | AN85: 0 | AQ85: 0 | AS85: 1 | AW85: 0 | AX85: 1 | AY85: 0 | AZ85: 3 | BA85: 4 | BB85: 5 | BC85: 11 | BD85: 31 | BE85: 33 | BF85: 75 | BG85: 1 | BH85: 1 | BI85: 0 | BJ85: 3 | BK85: 4
A86: 18권역 | B86: 중구 | C86: 영종구 | D86: 영종1동 | E86: 공립 | F86: 인천별빛초등학교병설유치원 | G86: 44075 | H86: 중구 은하수로 402(운남동 1766-4) | I86: 1282 | J86: 22389 | K86: 455-8700 | L86: 752-8459 | M86: 4 | N86: 1 | O86: 67 | P86: 1 | Q86: 10 | R86: 1 | S86: 16 | T86: 2 | U86: 37 | AF86: 0 | AI86: 0 | AN86: 0 | AQ86: 0 | AW86: 0 | AX86: 2 | AY86: 1 | AZ86: 1 | BA86: 4 | BB86: 4 | BC86: 10 | BD86: 16 | BE86: 37 | BF86: 63 | BG86: 1 | BH86: 2 | BI86: 1 | BJ86: 1 | BK86: 4
A87: 18권역 | B87: 중구 | C87: 영종구 | D87: 중산동 | E87: 공립 | F87: 인천영종초등학교병설유치원 | G87: 41153 | H87: 중구 하늘달빛로 133(중산동 1871-2) | I87: 33442 | J87: 22406 | K87: 627-9881 | L87: 746-9429 | M87: 3 | N87: 0 | O87: 48 | P87: 1 | Q87: 12 | R87: 1 | S87: 17 | T87: 1 | U87: 19 | V87: 0 | W87: 0 | X87: 0 | Y87: 0 | Z87: 0 | AA87: 0 | AB87: 0 | AC87: 0 | AD87: 0 | AE87: 0 | AF87: 0 | AG87: 0 | AH87: 0 | AI87: 0 | AJ87: 0 | AK87: 0 | AL87: 0 | AM87: 0 | AN87: 0 | AO87: 0 | AP87: 0 | AQ87: 0 | AR87: 0 | AS87: 0 | AT87: 0 | AU87: 0 | AV87: 0 | AW87: 0 | AX87: 0 | AY87: 0 | AZ87: 0 | BA87: 0 | BB87: 3 | BC87: 12 | BD87: 17 | BE87: 19 | BF87: 48 | BG87: 0 | BH87: 0 | BI87: 0 | BJ87: 0 | BK87: 0
A88: 18권역 | B88: 중구 | C88: 영종구 | D88: 용유동 | E88: 공립 | F88: 인천용유초등학교병설유치원 | G88: 31837 | H88: 중구 남북로 87번길(남북동 584-2) | I88: 10184 | J88: 22384 | K88: 746-7595 | L88: 746-7597 | M88: 1 | N88: 1 | O88: 19 | AF88: 0 | AI88: 0 | AJ88: 1 | AK88: 1 | AL88: 2 | AM88: 2 | AN88: 4 | AO88: 1 | AP88: 3 | AQ88: 4 | AW88: 0 | BA88: 0 | BB88: 1 | BC88: 0 | BD88: 2 | BE88: 2 | BF88: 4 | BG88: 1 | BH88: 0 | BI88: 1 | BJ88: 3 | BK88: 4
A89: 18권역 | B89: 중구 | C89: 영종구 | D89: 영종2동 | E89: 공립 | F89: 인천중산초등학교병설유치원 | G89: 43525 | H89: 중구 두미포로 100(중산동 1887-3번지) | I89: 12843 | J89: 22394 | K89: 509-3600 | L89: 539-3604 | M89: 5 | N89: 0 | O89: 84 | P89: 1 | Q89: 12 | R89: 2 | S89: 34 | T89: 2 | U89: 38 | AF89: 0 | AI89: 0 | AN89: 0 | AQ89: 0 | AW89: 0 | BA89: 0 | BB89: 5 | BC89: 12 | BD89: 34 | BE89: 38 | BF89: 84 | BG89: 0 | BH89: 0 | BI89: 0 | BJ89: 0 | BK89: 0
A90: 18권역 | B90: 중구 | C90: 영종구 | D90: 영종동 | E90: 공립 | F90: 인천하늘초등학교병설유치원 | G90: 41518 | H90: 중구 은하수로294(중산동 288-3번지) | I90: 13801 | J90: 22390 | K90: 745-6770 | L90: 745-6700 | M90: 3 | N90: 0 | O90: 48 | P90: 1 | Q90: 12 | R90: 1 | S90: 17 | T90: 1 | U90: 18 | V90: 0 | W90: 0 | X90: 0 | Y90: 0 | Z90: 0 | AA90: 0 | AF90: 0 | AI90: 0 | AN90: 0 | AQ90: 0 | AW90: 0 | BA90: 0 | BB90: 3 | BC90: 12 | BD90: 17 | BE90: 18 | BF90: 47 | BG90: 0 | BH90: 0 | BI90: 0 | BJ90: 0 | BK90: 0
A91: 18권역 | B91: 중구 | C91: 영종구 | D91: 중산동 | E91: 공립 | F91: 인천달빛초등학교병설유치원 | G91: 46082 | H91: 중구 은하수로 124(중산동 1914-4번지) | I91: 14403 | J91: 22393 | K91: 458-1000 | L91: 746-0414 | M91: 4 | N91: 1 | O91: 67 | P91: 2 | Q91: 24 | R91: 1 | S91: 12 | T91: 1 | U91: 7 | V91: 0 | W91: 0 | X91: 0 | Y91: 0 | Z91: 0 | AA91: 0 | AF91: 0 | AI91: 0 | AK91: 1 | AN91: 0 | AO91: 2 | AP91: 2 | AQ91: 4 | AW91: 0 | BA91: 0 | BB91: 4 | BC91: 24 | BD91: 12 | BE91: 7 | BF91: 43 | BG91: 1 | BH91: 0 | BI91: 2 | BJ91: 2 | BK91: 4
A92: 18권역 | B92: 중구 | C92: 영종구 | D92: 운서동 | E92: 공립 | F92: 인천윤슬초등학교병설유치원 | G92: 46082 | H92: 중구 영종대로278번길 27(운서동 3105) | I92: 1366270 | J92: 22374 | K92: 500-1832 | L92: 764-6358 | M92: 4 | N92: 1 | O92: 67 | P92: 2 | Q92: 24 | R92: 1 | S92: 14 | T92: 1 | U92: 5 | V92: 0 | W92: 0 | X92: 0 | Y92: 0 | Z92: 0 | AA92: 0 | AB92: 0 | AC92: 0 | AD92: 0 | AE92: 0 | AF92: 0 | AG92: 0 | AH92: 0 | AI92: 0 | AJ92: 0 | AK92: 0 | AL92: 0 | AM92: 0 | AN92: 0 | AO92: 0 | AP92: 0 | AQ92: 0 | AR92: 0 | AS92: 1 | AT92: 0 | AU92: 0 | AV92: 0 | AW92: 0 | AX92: 0 | AY92: 2 | AZ92: 1 | BA92: 3 | BB92: 4 | BC92: 24 | BD92: 14 | BE92: 5 | BF92: 43 | BG92: 1 | BH92: 0 | BI92: 2 | BJ92: 1 | BK92: 3
A93: 중구 공립 계 | E93: =COUNTA(E79:E92) -> 14 | M93: =SUM(M79:M92) -> 59 | N93: =SUM(N79:N92) -> 18 | O93: =SUM(O79:O92) -> 971 | P93: =SUM(P79:P92) -> 18 | Q93: =SUM(Q79:Q92) -> 183 | R93: =SUM(R79:R92) -> 18 | S93: =SUM(S79:S92) -> 259 | T93: =SUM(T79:T92) -> 20 | ... BK93: =SUM(BK79:BK92) -> 63
A94: 1권역 | B94: 중구 | C94: 제물포구 | D94: 신포동 | E94: 사립 | F94: 박문유치원 | G94: 13575 | H94: 중구 우현로 50번길2(답동 3) | I94: 625 | J94: 22321 | K94: 762-7614 | L94: 765-5090 | M94: 6 | O94: 168 | AF94: =SUM(AD94:AE94) -> 0 | AI94: =SUM(AG94:AH94) -> 0 | AN94: =SUM(AL94:AM94) -> 0 | AQ94: =SUM(AO94:AP94) -> 0 | AR94: 6 | AT94: 46 | AU94: 48 | AV94: 46 | AW94: =SUM(AT94:AV94) -> 140 | BA94: =SUM(AX94:AZ94) -> 0 | BB94: =SUM(P94,R94,T94,AB94,AJ94,AR94) -> 6 | BC94: =SUM(Q94,AD94,AT94) -> 46 | BD94: =SUM(S94,AE94,AL94,AU94) -> 48 | BE94: =SUM(U94,AM94,AV94) -> 46 | BF94: =SUM(BC94:BE94) -> 140 | BG94: =SUM(V94,X94,Z94,AC94,AK94,AS94) -> 0 | BH94: =SUM(W94,AG94,AX94) -> 0 | BI94: =SUM(Y94,AH94,AO94,AY94) -> 0 | BJ94: =SUM(AA94,AP94,AZ94) -> 0 | BK94: =SUM(BH94:BJ94) -> 0 | BL94: 특수유아1명포함
A95: 1권역 | B95: 중구 | C95: 제물포구 | D95: 신흥동 | E95: 사립 | F95: 지영유치원 | G95: 39177 | H95: 인천시 중구 도원로 8번길 28(신흥동 신흥3가 11-2) | I95: 662 | J95: 22329 | K95: 882-6161 | L95: 882-4769 | M95: 6 | O95: 163 | P95: 2 | Q95: 17 | R95: 2 | S95: 24 | T95: 1 | U95: 22 | AF95: =SUM(AD95:AE95) -> 0 | AI95: =SUM(AG95:AH95) -> 0 | AN95: =SUM(AL95:AM95) -> 0 | AQ95: =SUM(AO95:AP95) -> 0 | AW95: =SUM(AT95:AV95) -> 0 | BA95: =SUM(AX95:AZ95) -> 0 | BB95: =SUM(P95,R95,T95,AB95,AJ95,AR95) -> 5 | BC95: =SUM(Q95,AD95,AT95) -> 17 | BD95: =SUM(S95,AE95,AL95,AU95) -> 24 | BE95: =SUM(U95,AM95,AV95) -> 22 | BF95: =SUM(BC95:BE95) -> 63 | BG95: =SUM(V95,X95,Z95,AC95,AK95,AS95) -> 0 | BH95: =SUM(W95,AG95,AX95) -> 0 | BI95: =SUM(Y95,AH95,AO95,AY95) -> 0 | BJ95: =SUM(AA95,AP95,AZ95) -> 0 | BK95: =SUM(BH95:BJ95) -> 0
A96: 1권역 | B96: 중구 | C96: 영종구 | D96: 영종동 | E96: 사립 | F96: 이튼유치원 | G96: 42064 | H96: 중구 남디로안길 34-7(운남동 1676-2) | I96: 1037 | J96: 22373 | K96: 752-7110 | L96: 752-7160 | M96: 12 | O96: 269 | P96: 4 | Q96: 80 | R96: 4 | S96: 91 | T96: 4 | U96: 92 | AF96: =SUM(AD96:AE96) -> 0 | AI96: =SUM(AG96:AH96) -> 0 | AN96: =SUM(AL96:AM96) -> 0 | AQ96: =SUM(AO96:AP96) -> 0 | AW96: =SUM(AT96:AV96) -> 0 | BA96: =SUM(AX96:AZ96) -> 0 | BB96: =SUM(P96,R96,T96,AB96,AJ96,AR96) -> 12 | BC96: =SUM(Q96,AD96,AT96) -> 80 | BD96: =SUM(S96,AE96,AL96,AU96) -> 91 | BE96: =SUM(U96,AM96,AV96) -> 92 | BF96: =SUM(BC96:BE96) -> 263 | BG96: =SUM(V96,X96,Z96,AC96,AK96,AS96) -> 0 | BH96: =SUM(W96,AG96,AX96) -> 0 | BI96: =SUM(Y96,AH96,AO96,AY96) -> 0 | BJ96: =SUM(AA96,AP96,AZ96) -> 0 | BK96: =SUM(BH96:BJ96) -> 0
A97: 18권역 | B97: 중구 | C97: 영종구 | D97: 영종2동 | E97: 사립 | F97: 뒤나미스유치원 | G97: 41968 | H97: 중구 오작로 116(중산동 1909-24) | I97: 1699 | J97: 22391 | K97: 752-9897 | L97: 715-4310 | M97: 15 | O97: 418 | P97: 4 | Q97: 100 | R97: 5 | S97: 129 | T97: 5 | U97: 140 | AF97: =SUM(AD97:AE97) -> 0 | AI97: =SUM(AG97:AH97) -> 0 | AN97: =SUM(AL97:AM97) -> 0 | AQ97: =SUM(AO97:AP97) -> 0 | AW97: =SUM(AT97:AV97) -> 0 | BA97: =SUM(AX97:AZ97) -> 0 | BB97: =SUM(P97,R97,T97,AB97,AJ97,AR97) -> 14 | BC97: =SUM(Q97,AD97,AT97) -> 100 | BD97: =SUM(S97,AE97,AL97,AU97) -> 129 | BE97: =SUM(U97,AM97,AV97) -> 140 | BF97: =SUM(BC97:BE97) -> 369 | BG97: =SUM(V97,X97,Z97,AC97,AK97,AS97) -> 0 | BH97: =SUM(W97,AG97,AX97) -> 0 | BI97: =SUM(Y97,AH97,AO97,AY97) -> 0 | BJ97: =SUM(AA97,AP97,AZ97) -> 0 | BK97: =SUM(BH97:BJ97) -> 0
A98: 18권역 | B98: 중구 | C98: 영종구 | D98: 운서동 | E98: 사립 | F98: 무지개유치원 | G98: 40969 | H98: 중구 눈돌로 35(운서동 2776-2) | I98: 755 | J98: 22369 | K98: 751-3008 | L98: 751-3006 | M98: 9 | O98: 244 | P98: 3 | Q98: 69 | R98: 3 | S98: 75 | T98: 3 | U98: 76 | X98: 1 | Y98: 1 | AF98: =SUM(AD98:AE98) -> 0 | AI98: =SUM(AG98:AH98) -> 0 | AN98: =SUM(AL98:AM98) -> 0 | AQ98: =SUM(AO98:AP98) -> 0 | AW98: =SUM(AT98:AV98) -> 0 | BA98: =SUM(AX98:AZ98) -> 0 | BB98: =SUM(P98,R98,T98,AB98,AJ98,AR98) -> 9 | BC98: =SUM(Q98,AD98,AT98) -> 69 | BD98: =SUM(S98,AE98,AL98,AU98) -> 75 | BE98: =SUM(U98,AM98,AV98) -> 76 | BF98: =SUM(BC98:BE98) -> 220 | BG98: 0 | BH98: =SUM(W98,AG98,AX98) -> 0 | BI98: 0 | BJ98: =SUM(AA98,AP98,AZ98) -> 0 | BK98: =SUM(BH98:BJ98) -> 0
A99: 18권역 | B99: 중구 | C99: 영종구 | D99: 운서동 | E99: 사립 | F99: 초롱유치원 | G99: 41344 | H99: 중구 영종대로27번길 38(운서동 2748-1) | I99: 707 | J99: 22368 | K99: 751-8400 | L99: 752-8401 | M99: 6 | O99: 153 | P99: 2 | Q99: 40 | R99: 2 | S99: 48 | T99: 2 | U99: 52 | AF99: =SUM(AD99:AE99) -> 0 | AI99: =SUM(AG99:AH99) -> 0 | AN99: =SUM(AL99:AM99) -> 0 | AQ99: =SUM(AO99:AP99) -> 0 | AW99: =SUM(AT99:AV99) -> 0 | BA99: =SUM(AX99:AZ99) -> 0 | BB99: =SUM(P99,R99,T99,AB99,AJ99,AR99) -> 6 | BC99: =SUM(Q99,AD99,AT99) -> 40 | BD99: =SUM(S99,AE99,AL99,AU99) -> 48 | BE99: =SUM(U99,AM99,AV99) -> 52 | BF99: =SUM(BC99:BE99) -> 140 | BG99: =SUM(V99,X99,Z99,AC99,AK99,AS99) -> 0 | BH99: =SUM(W99,AG99,AX99) -> 0 | BI99: =SUM(Y99,AH99,AO99,AY99) -> 0 | BJ99: =SUM(AA99,AP99,AZ99) -> 0 | BK99: =SUM(BH99:BJ99) -> 0
A100: 18권역 | B100: 중구 | C100: 영종구 | D100: 운서동 | E100: 사립 | F100: 해님나라유치원 | G100: 37683 | H100: 중구 은골로 42(운서동2705-3) | I100: 695 | J100: 22363 | K100: 752-7878 | L100: 751-6869 | M100: 8 | O100: 224 | P100: 3 | Q100: 66 | R100: 2 | S100: 55 | T100: 3 | U100: 72 | AF100: =SUM(AD100:AE100) -> 0 | AI100: =SUM(AG100:AH100) -> 0 | AN100: =SUM(AL100:AM100) -> 0 | AQ100: =SUM(AO100:AP100) -> 0 | AW100: =SUM(AT100:AV100) -> 0 | BA100: =SUM(AX100:AZ100) -> 0 | BB100: =SUM(P100,R100,T100,AB100,AJ100,AR100) -> 8 | BC100: =SUM(Q100,AD100,AT100) -> 66 | BD100: =SUM(S100,AE100,AL100,AU100) -> 55 | BE100: =SUM(U100,AM100,AV100) -> 72 | BF100: =SUM(BC100:BE100) -> 193 | BG100: =SUM(V100,X100,Z100,AC100,AK100,AS100) -> 0 | BH100: =SUM(W100,AG100,AX100) -> 0 | BI100: =SUM(Y100,AH100,AO100,AY100) -> 0 | BJ100: =SUM(AA100,AP100,AZ100) -> 0 | BK100: =SUM(BH100:BJ100) -> 0
...

Sheet 초등학교
A1: □ 초등학교 현황
A2: ▶ 작성기준일: 2026. 4. 1.자
A3: 교육지원청 | B3: 구군별 | C3: 개편후 행정구역(2026.7.1.시행) | D3: 설립별 | E3: 학교명 | F3: 개교일자 | G3: 주소 | H3: 교지면적(㎡) | I3: 우편번호 | J3: 전화번호 (교무실) | K3: 전화번호 (행정실) | L3: 팩스번호 (대표) | M3: 학급수 | V3: 총 학생수 | AJ3: 특수학급 학생수 | AL3: 한국어학급 학생수 | AN3: 비고
V4: 1학년 | X4: 2학년 | Z4: 3학년 | AB4: 4학년 | AD4: 5학년 | AF4: 6학년 | AH4: 합계
M5: 1학년 | N5: 2학년 | O5: 3학년 | P5: 4학년 | Q5: 5학년 | R5: 6학년 | S5: 특수 | T5: 한국어 | U5: 계 | V5: 계 | W5: 여 | X5: 계 | Y5: 여 | Z5: 계 | AA5: 여 | AB5: 계 | AC5: 여 | AD5: 계 | AE5: 여 | AF5: 계 | AG5: 여 | AH5: 계 | AI5: 여 | AJ5: 계 | AK5: 여 | AL5: 계 | AM5: 여
A6: 남부 | B6: 미추홀구 | C6: 미추홀구 | D6: 공립 | E6: 인천경원초등학교 | F6: 39508 | G6: 미추홀구 경인로 511(주안동 1620) | H6: 10201.1 | I6: 22144 | J6: 438-9321 | K6: 424-1692 | L6: 438-9324 | M6: 4 | N6: 5 | O6: 6 | P6: 7 | Q6: 6 | R6: 7 | S6: 2 | T6: 0 | U6: =SUM(M6:T6) -> 37 | V6: 102 | W6: 51 | X6: 125 | Y6: 53 | Z6: 148 | AA6: 71 | AB6: 162 | AC6: 82 | AD6: 150 | AE6: 63 | AF6: 169 | AG6: 77 | AH6: =V6+X6+Z6+AB6+AD6+AF6 -> 856 | AI6: =W6+Y6+AA6+AC6+AE6+AG6 -> 397 | AJ6: 10 | AK6: 10 | AL6: 0 | AM6: 0
A7: 남부 | B7: 미추홀구 | C7: 미추홀구 | D7: 공립 | E7: 인천관교초등학교 | F7: 31837 | G7: 미추홀구 인하로 414(관교동 334) | H7: 12563.7 | I7: 22240 | J7: 434-0492 | K7: 434-0491 | L7: 629-1424 | M7: 2 | N7: 2 | O7: 3 | P7: 3 | Q7: 3 | R7: 4 | S7: 2 | T7: 0 | U7: =SUM(M7:T7) -> 19 | V7: 42 | W7: 19 | X7: 48 | Y7: 19 | Z7: 54 | AA7: 28 | AB7: 76 | AC7: 36 | AD7: 74 | AE7: 36 | AF7: 93 | AG7: 49 | AH7: =V7+X7+Z7+AB7+AD7+AF7 -> 387 | AI7: =W7+Y7+AA7+AC7+AE7+AG7 -> 187 | AJ7: 13 | AK7: 5 | AL7: 0 | AM7: 0
A8: 남부 | B8: 미추홀구 | C8: 미추홀구 | D8: 공립 | E8: 인천남부초등학교 | F8: 28551 | G8: 미추홀구 인주대로366번길 22(주안동 1444) | H8: 10613 | I8: 22214 | J8: 629-1084 | K8: 865-5784 | L8: 865-5787 | M8: 2 | N8: 2 | O8: 2 | P8: 3 | Q8: 4 | R8: 2 | S8: 3 | T8: 0 | U8: =SUM(M8:T8) -> 18 | V8: 36 | W8: 14 | X8: 35 | Y8: 19 | Z8: 42 | AA8: 17 | AB8: 53 | AC8: 28 | AD8: 81 | AE8: 40 | AF8: 50 | AG8: 27 | AH8: =V8+X8+Z8+AB8+AD8+AF8 -> 297 | AI8: =W8+Y8+AA8+AC8+AE8+AG8 -> 145 | AJ8: 13 | AK8: 4 | AL8: 0 | AM8: 0
A9: 남부 | B9: 미추홀구 | C9: 미추홀구 | D9: 공립 | E9: 인천대화초등학교 | F9: 34394 | G9: 미추홀구 석정로301번길 13(도화동 105-11) | H9: 11867 | I9: 22116 | J9: 867-0046 | K9: 867-0047 | L9: 867-1356 | M9: 1 | N9: 2 | O9: 3 | P9: 3 | Q9: 3 | R9: 3 | S9: 3 | T9: 0 | U9: =SUM(M9:T9) -> 18 | V9: 23 | W9: 19 | X9: 38 | Y9: 23 | Z9: 51 | AA9: 26 | AB9: 51 | AC9: 28 | AD9: 51 | AE9: 25 | AF9: 74 | AG9: 36 | AH9: =V9+X9+Z9+AB9+AD9+AF9 -> 288 | AI9: =W9+Y9+AA9+AC9+AE9+AG9 -> 157 | AJ9: 15 | AK9: 6 | AL9: 0 | AM9: 0
A10: 남부 | B10: 미추홀구 | C10: 미추홀구 | D10: 공립 | E10: 인천도화초등학교 | F10: 17069 | G10: 미추홀구 경인로 242(도화동 541-5) | H10: 12366.3 | I10: 22165 | J10: 874-2585 | K10: 874-2582 | L10: 865-6134 | M10: 5 | N10: 5 | O10: 6 | P10: 6 | Q10: 6 | R10: 6 | S10: 4 | T10: 0 | U10: =SUM(M10:T10) -> 38 | V10: 115 | W10: 47 | X10: 112 | Y10: 47 | Z10: 136 | AA10: 68 | AB10: 137 | AC10: 70 | AD10: 144 | AE10: 83 | AF10: 140 | AG10: 67 | AH10: =V10+X10+Z10+AB10+AD10+AF10 -> 784 | AI10: =W10+Y10+AA10+AC10+AE10+AG10 -> 382 | AJ10: 22 | AK10: 7 | AL10: 0 | AM10: 0
A11: 남부 | B11: 미추홀구 | C11: 미추홀구 | D11: 공립 | E11: 인천문학초등학교 | F11: 6694 | G11: 미추홀구 매소홀로 553(문학동 343-2) | H11: 21350 | I11: 22233 | J11: 629-0102 | K11: 629-0101 | L11: 435-0367 | M11: 3 | N11: 3 | O11: 3 | P11: 4 | Q11: 4 | R11: 5 | S11: 3 | T11: 0 | U11: =SUM(M11:T11) -> 25 | V11: 51 | W11: 25 | X11: 70 | Y11: 33 | Z11: 70 | AA11: 36 | AB11: 82 | AC11: 34 | AD11: 97 | AE11: 49 | AF11: 110 | AG11: 58 | AH11: =V11+X11+Z11+AB11+AD11+AF11 -> 480 | AI11: =W11+Y11+AA11+AC11+AE11+AG11 -> 235 | AJ11: 17 | AK11: 4 | AL11: 0 | AM11: 0
A12: 남부 | B12: 미추홀구 | C12: 미추홀구 | D12: 공립 | E12: 인천백학초등학교 | F12: 32933 | G12: 미추홀구 매소홀로 446번길 25(학익동 674) | H12: 12590 | I12: 22226 | J12: 868-6778 | K12: 867-2883 | L12: 867-2884 | M12: 2 | N12: 3 | O12: 2 | P12: 2 | Q12: 2 | R12: 2 | S12: 3 | T12: 0 | U12: =SUM(M12:T12) -> 16 | V12: 38 | W12: 17 | X12: 61 | Y12: 34 | Z12: 41 | AA12: 20 | AB12: 45 | AC12: 17 | AD12: 47 | AE12: 21 | AF12: 53 | AG12: 27 | AH12: =V12+X12+Z12+AB12+AD12+AF12 -> 285 | AI12: =W12+Y12+AA12+AC12+AE12+AG12 -> 136 | AJ12: 16 | AK12: 8 | AL12: 0 | AM12: 0
A13: 남부 | B13: 미추홀구 | C13: 미추홀구 | D13: 공립 | E13: 인천서화초등학교 | F13: 24533 | G13: 미추홀구 송림로 250(도화동 1003) | H13: 19126 | I13: 22114 | J13: 868-9232 | K13: 868-9234 | L13: 868-9237 | M13: 8 | N13: 8 | O13: 9 | P13: 9 | Q13: 9 | R13: 9 | S13: 5 | T13: 0 | U13: =SUM(M13:T13) -> 57 | V13: 194 | W13: 104 | X13: 209 | Y13: 99 | Z13: 215 | AA13: 107 | AB13: 226 | AC13: 118 | AD13: 228 | AE13: 99 | AF13: 210 | AG13: 105 | AH13: =V13+X13+Z13+AB13+AD13+AF13 -> 1282 | AI13: =W13+Y13+AA13+AC13+AE13+AG13 -> 632 | AJ13: 26 | AK13: 9 | AL13: 0 | AM13: 0
A14: 남부 | B14: 미추홀구 | C14: 미추홀구 | D14: 공립 | E14: 인천석암초등학교 | F14: 25263 | G14: 미추홀구 주안동로 46(주안동 55-1) | H14: 14457 | I14: 22134 | J14: 424-0143 | K14: 424-0143 | L14: 432-7003 | M14: 6 | N14: 6 | O14: 7 | P14: 8 | Q14: 7 | R14: 7 | S14: 5 | T14: 1 | U14: =SUM(M14:T14) -> 47 | V14: 113 | W14: 57 | X14: 126 | Y14: 73 | Z14: 151 | AA14: 76 | AB14: 163 | AC14: 74 | AD14: 166 | AE14: 83 | AF14: 156 | AG14: 75 | AH14: =V14+X14+Z14+AB14+AD14+AF14 -> 875 | AI14: =W14+Y14+AA14+AC14+AE14+AG14 -> 438 | AJ14: 32 | AK14: 10 | AL14: 17 | AM14: 8
A15: 남부 | B15: 미추홀구 | C15: 미추홀구 | D15: 공립 | E15: 인천숭의초등학교 | F15: 13859 | G15: 미추홀구 장천로 99(숭의동 42-2) | H15: 15389 | I15: 22163 | J15: 887-9011 | K15: 887-9011 | L15: 887-9017 | M15: 7 | N15: 8 | O15: 8 | P15: 9 | Q15: 9 | R15: 8 | S15: 6 | T15: 0 | U15: =SUM(M15:T15) -> 55 | V15: 185 | W15: 92 | X15: 197 | Y15: 88 | Z15: 204 | AA15: 82 | AB15: 222 | AC15: 112 | AD15: 231 | AE15: 105 | AF15: 207 | AG15: 100 | AH15: =V15+X15+Z15+AB15+AD15+AF15 -> 1246 | AI15: =W15+Y15+AA15+AC15+AE15+AG15 -> 579 | AJ15: 33 | AK15: 7 | AL15: 0 | AM15: 0
A16: 남부 | B16: 미추홀구 | C16: 미추홀구 | D16: 공립 | E16: 인천승학초등학교 | F16: 33664 | G16: 미추홀구 주승로 259(관교동 13-4) | H16: 11499 | I16: 22241 | J16: 432-9775 | K16: 423-9776 | L16: 426-9854 | M16: 2 | N16: 2 | O16: 2 | P16: 2 | Q16: 3 | R16: 3 | S16: 2 | T16: 0 | U16: =SUM(M16:T16) -> 16 | V16: 27 | W16: 15 | X16: 37 | Y16: 20 | Z16: 43 | AA16: 23 | AB16: 47 | AC16: 24 | AD16: 68 | AE16: 31 | AF16: 79 | AG16: 34 | AH16: =V16+X16+Z16+AB16+AD16+AF16 -> 301 | AI16: =W16+Y16+AA16+AC16+AE16+AG16 -> 147 | AJ16: 9 | AK16: 4 | AL16: 0 | AM16: 0
A17: 남부 | B17: 미추홀구 | C17: 미추홀구 | D17: 공립 | E17: 인천연학초등학교 | F17: 30376 | G17: 미추홀구 주승로 20(학익동 29-2) | H17: 12588 | I17: 22222 | J17: 629-1102 | K17: 629-1110 | L17: 873-0564 | M17: 4 | N17: 4 | O17: 3 | P17: 3 | Q17: 3 | R17: 3 | S17: 2 | T17: 0 | U17: =SUM(M17:T17) -> 22 | V17: 75 | W17: 46 | X17: 70 | Y17: 29 | Z17: 60 | AA17: 30 | AB17: 59 | AC17: 26 | AD17: 61 | AE17: 32 | AF17: 58 | AG17: 33 | AH17: =V17+X17+Z17+AB17+AD17+AF17 -> 383 | AI17: =W17+Y17+AA17+AC17+AE17+AG17 -> 196 | AJ17: 12 | AK17: 3 | AL17: 0 | AM17: 0
A18: 남부 | B18: 미추홀구 | C18: 미추홀구 | D18: 공립 | E18: 인천용일초등학교 | F18: 22955 | G18: 미추홀구 인주대로 244(용현동 74-1) | H18: 15883 | I18: 22208 | J18: 874-0500 | K18: 874-0500 | L18: 629-0813 | M18: 2 | N18: 3 | O18: 2 | P18: 3 | Q18: 3 | R18: 2 | S18: 4 | T18: 0 | U18: =SUM(M18:T18) -> 19 | V18: 49 | W18: 22 | X18: 53 | Y18: 21 | Z18: 43 | AA18: 15 | AB18: 65 | AC18: 39 | AD18: 68 | AE18: 36 | AF18: 46 | AG18: 20 | AH18: =V18+X18+Z18+AB18+AD18+AF18 -> 324 | AI18: =W18+Y18+AA18+AC18+AE18+AG18 -> 153 | AJ18: 18 | AK18: 5 | AL18: 0 | AM18: 0
A19: 남부 | B19: 미추홀구 | C19: 미추홀구 | D19: 공립 | E19: 인천용정초등학교 | F19: 26731 | G19: 미추홀구 독정안길 26(숭의동 12-8) | H19: 12538 | I19: 22168 | J19: 868-2384 | K19: 868-2382 | L19: 868-2383 | M19: 2 | N19: 3 | O19: 2 | P19: 2 | Q19: 2 | R19: 2 | S19: 3 | T19: 0 | U19: =SUM(M19:T19) -> 16 | V19: 22 | W19: 11 | X19: 37 | Y19: 12 | Z19: 22 | AA19: 13 | AB19: 35 | AC19: 20 | AD19: 45 | AE19: 24 | AF19: 36 | AG19: 17 | AH19: 197 | AI19: =W19+Y19+AA19+AC19+AE19+AG19 -> 97 | AJ19: 16 | AK19: 4 | AL19: 0 | AM19: 0
A20: 남부 | B20: 미추홀구 | C20: 미추홀구 | D20: 공립 | E20: 인천용학초등학교 | F20: 42614 | G20: 미추홀구 용정공원로83번길 9(용현동 664-4) | H20: 11000 | I20: 22188 | J20: 627-6300 | K20: 627-6262 | L20: 886-9717 | M20: 7 | N20: 7 | O20: 7 | P20: 8 | Q20: 8 | R20: 8 | S20: 1 | T20: 0 | U20: =SUM(M20:T20) -> 46 | V20: 162 | W20: 86 | X20: 173 | Y20: 81 | Z20: 171 | AA20: 88 | AB20: 206 | AC20: 114 | AD20: 208 | AE20: 104 | AF20: 200 | AG20: 97 | AH20: =V20+X20+Z20+AB20+AD20+AF20 -> 1120 | AI20: =W20+Y20+AA20+AC20+AE20+AG20 -> 570 | AJ20: 6 | AK20: 3 | AL20: 0 | AM20: 0
A21: 남부 | B21: 미추홀구 | C21: 미추홀구 | D21: 공립 | E21: 인천용현남초등학교 | F21: 31107 | G21: 미추홀구 매소홀로 133(용현동 627-449) | H21: 17722 | I21: 22189 | J21: 884-8468 | K21: 884-8467 | L21: 629-1339 | M21: 7 | N21: 7 | O21: 6 | P21: 8 | Q21: 9 | R21: 8 | S21: 3 | T21: 0 | U21: =SUM(M21:T21) -> 48 | V21: 171 | W21: 82 | X21: 171 | Y21: 83 | Z21: 163 | AA21: 83 | AB21: 199 | AC21: 100 | AD21: 219 | AE21: 99 | AF21: 194 | AG21: 101 | AH21: =V21+X21+Z21+AB21+AD21+AF21 -> 1117 | AI21: =W21+Y21+AA21+AC21+AE21+AG21 -> 548 | AJ21: 23 | AK21: 10 | AL21: 0 | AM21: 0
A22: 남부 | B22: 미추홀구 | C22: 미추홀구 | D22: 공립 | E22: 인천용현초등학교 | F22: 19664 | G22: 미추홀구 낙섬동로 83(용현동 610-108) | H22: 16567 | I22: 22187 | J22: 629-0679 | K22: 629-0601 | L22: 884-8160 | M22: 9 | N22: 9 | O22: 9 | P22: 9 | Q22: 10 | R22: 8 | S22: 4 | T22: 0 | U22: =SUM(M22:T22) -> 58 | V22: 229 | W22: 111 | X22: 244 | Y22: 112 | Z22: 230 | AA22: 119 | AB22: 246 | AC22: 113 | AD22: 251 | AE22: 111 | AF22: 213 | AG22: 95 | AH22: =V22+X22+Z22+AB22+AD22+AF22 -> 1413 | AI22: =W22+Y22+AA22+AC22+AE22+AG22 -> 661 | AJ22: 27 | AK22: 6 | AL22: 0 | AM22: 0
A23: 남부 | B23: 미추홀구 | C23: 미추홀구 | D23: 공립 | E23: 인천인주초등학교 | F23: 36404 | G23: 미추홀구 매소홀로475번길 53(학익동 40) | H23: 12756 | I23: 22222 | J23: 875-2606 | K23: 875-2608 | L23: 875-2602 | M23: 2 | N23: 2 | O23: 3 | P23: 3 | Q23: 4 | R23: 5 | S23: 2 | T23: 0 | U23: =SUM(M23:T23) -> 21 | V23: 37 | W23: 20 | X23: 39 | Y23: 20 | Z23: 57 | AA23: 19 | AB23: 61 | AC23: 39 | AD23: 75 | AE23: 39 | AF23: 107 | AG23: 56 | AH23: =V23+X23+Z23+AB23+AD23+AF23 -> 376 | AI23: =W23+Y23+AA23+AC23+AE23+AG23 -> 193 | AJ23: 8 | AK23: 3 | AL23: 0 | AM23: 0
A24: 남부 | B24: 미추홀구 | C24: 미추홀구 | D24: 공립 | E24: 인천주안남초등학교 | F24: 30952 | G24: 미추홀구 인주대로434번길 11(주안동 1503) | H24: 10281 | I24: 22228 | J24: 424-7247 | K24: 428-1841 | L24: 424-7245 | M24: 3 | N24: 2 | O24: 3 | P24: 3 | Q24: 4 | R24: 3 | S24: 3 | T24: 0 | U24: =SUM(M24:T24) -> 21 | V24: 55 | W24: 25 | X24: 47 | Y24: 23 | Z24: 66 | AA24: 28 | AB24: 61 | AC24: 32 | AD24: 81 | AE24: 39 | AF24: 83 | AG24: 50 | AH24: =V24+X24+Z24+AB24+AD24+AF24 -> 393 | AI24: =W24+Y24+AA24+AC24+AE24+AG24 -> 197 | AJ24: 17 | AK24: 4 | AL24: 0 | AM24: 0
A25: 남부 | B25: 미추홀구 | C25: 미추홀구 | D25: 공립 | E25: 인천주안북초등학교 | F25: 30376 | G25: 미추홀구 석정로 375번길 14(주안동 4-1) | H25: 8432 | I25: 22126 | J25: 868-5578 | K25: 867-3160 | L25: 876-8026 | M25: 3 | N25: 3 | O25: 3 | P25: 3 | Q25: 4 | R25: 3 | S25: 3 | T25: 0 | U25: =SUM(M25:T25) -> 22 | V25: 44 | W25: 20 | X25: 57 | Y25: 36 | Z25: 55 | AA25: 26 | AB25: 45 | AC25: 23 | AD25: 73 | AE25: 31 | AF25: 53 | AG25: 28 | AH25: =V25+X25+Z25+AB25+AD25+AF25 -> 327 | AI25: =W25+Y25+AA25+AC25+AE25+AG25 -> 164 | AJ25: 14 | AK25: 5 | AL25: 0 | AM25: 0
A26: 남부 | B26: 미추홀구 | C26: 미추홀구 | D26: 공립 | E26: 인천주안초등학교 | F26: 12571 | G26: 미추홀구 남주길69번길 16(주안동 1627) | H26: 16925 | I26: 22156 | J26: 629-0245 | K26: 629-0186 | L26: 438-1404 | M26: 7 | N26: 7 | O26: 7 | P26: 7 | Q26: 7 | R26: 6 | S26: 4 | T26: 0 | U26: =SUM(M26:T26) -> 45 | V26: 147 | W26: 64 | X26: 147 | Y26: 71 | Z26: 142 | AA26: 67 | AB26: 147 | AC26: 73 | AD26: 144 | AE26: 65 | AF26: 135 | AG26: 67 | AH26: =V26+X26+Z26+AB26+AD26+AF26 -> 862 | AI26: =W26+Y26+AA26+AC26+AE26+AG26 -> 407 | AJ26: 22 | AK26: 9 | AL26: 0 | AM26: 0
A27: 남부 | B27: 미추홀구 | C27: 미추홀구 | D27: 공립 | E27: 인천학산초등학교 | F27: 39508 | G27: 미추홀구 한나루로357번길 66(학익동 721-7) | H27: 12078 | I27: 22203 | J27: 865-7515 | K27: 865-7510 | L27: 865-7520 | M27: 5 | N27: 5 | O27: 5 | P27: 6 | Q27: 6 | R27: 6 | S27: 2 | T27: 0 | U27: =SUM(M27:T27) -> 35 | V27: 107 | W27: 49 | X27: 123 | Y27: 53 | Z27: 133 | AA27: 63 | AB27: 146 | AC27: 77 | AD27: 160 | AE27: 85 | AF27: 154 | AG27: 82 | AH27: =V27+X27+Z27+AB27+AD27+AF27 -> 823 | AI27: =W27+Y27+AA27+AC27+AE27+AG27 -> 409 | AJ27: 8 | AK27: 4 | AL27: 0 | AM27: 0
A28: 남부 | B28: 미추홀구 | C28: 미추홀구 | D28: 공립 | E28: 인천학익초등학교 | F28: 14345 | G28: 미추홀구 한나루로403번길 122(학익동 330-1) | H28: 13126 | I28: 22211 | J28: 629-0430 | K28: 629-0368 | L28: 865-5795 | M28: 2 | N28: 2 | O28: 2 | P28: 3 | Q28: 4 | R28: 3 | S28: 2 | T28: 0 | U28: =SUM(M28:T28) -> 18 | V28: 35 | W28: 12 | X28: 37 | Y28: 27 | Z28: 48 | AA28: 27 | AB28: 72 | AC28: 42 | AD28: 83 | AE28: 39 | AF28: 57 | AG28: 22 | AH28: =V28+X28+Z28+AB28+AD28+AF28 -> 332 | AI28: =W28+Y28+AA28+AC28+AE28+AG28 -> 169 | AJ28: 7 | AK28: 1 | AL28: 0 | AM28: 0
A29: 미추홀구 공립 계 | D29: =COUNTA(D6:D28) -> 23 | M29: =SUM(M6:M28) -> 95 | N29: =SUM(N6:N28) -> 100 | O29: =SUM(O6:O28) -> 103 | P29: =SUM(P6:P28) -> 114 | Q29: =SUM(Q6:Q28) -> 120 | R29: =SUM(R6:R28) -> 113 | S29: =SUM(S6:S28) -> 71 | T29: =SUM(T6:T28) -> 1 | ... AM29: =SUM(AM6:AM28) -> 8
A30: 미추홀구 합계 | E30: =D29 -> 23 | M30: =M29 -> 95 | N30: =N29 -> 100 | O30: =O29 -> 103 | P30: =P29 -> 114 | Q30: =Q29 -> 120 | R30: =R29 -> 113 | S30: =S29 -> 71 | T30: =T29 -> 1 | ... AM30: =AM29 -> 8
A31: 남부 | B31: 동구 | C31: 제물포구 | D31: 공립 | E31: 인천만석초등학교 | F31: 21610 | G31: 동구 제물량로 412(화수동 11-6) | H31: 8764 | I31: 22511 | J31: 772-4784 | K31: 772-4785 | L31: 772-4791 | M31: 2 | N31: 2 | O31: 2 | P31: 2 | Q31: 2 | R31: 3 | S31: 3 | T31: 0 | U31: =SUM(M31:T31) -> 16 | V31: 25 | W31: 15 | X31: 29 | Y31: 8 | Z31: 35 | AA31: 16 | AB31: 41 | AC31: 19 | AD31: 46 | AE31: 11 | AF31: 56 | AG31: 23 | AH31: =V31+X31+Z31+AB31+AD31+AF31 -> 232 | AI31: =W31+Y31+AA31+AC31+AE31+AG31 -> 92 | AJ31: 15 | AK31: 4 | AL31: 0 | AM31: 0
A32: 남부 | B32: 동구 | C32: 제물포구 | D32: 공립 | E32: 인천서림초등학교 | F32: 14350 | G32: 동구 금곡로 105(송림동 61-11) | H32: 17091 | I32: 22558 | J32: 629-1713 | K32: 629-1718 | L32: 629-1771 | M32: 3 | N32: 3 | O32: 3 | P32: 4 | Q32: 4 | R32: 4 | S32: 3 | T32: 0 | U32: =SUM(M32:T32) -> 24 | V32: 68 | W32: 36 | X32: 76 | Y32: 39 | Z32: 72 | AA32: 41 | AB32: 83 | AC32: 36 | AD32: 83 | AE32: 35 | AF32: 82 | AG32: 43 | AH32: =V32+X32+Z32+AB32+AD32+AF32 -> 464 | AI32: =W32+Y32+AA32+AC32+AE32+AG32 -> 230 | AJ32: 14 | AK32: 4 | AL32: 0 | AM32: 0
A33: 남부 | B33: 동구 | C33: 제물포구 | D33: 공립 | E33: 인천서흥초등학교 | F33: 23802 | G33: 동구 샛골로189(송림동 34-1) | H33: 11854.7 | I33: 22540 | J33: 773-3406 | K33: 773-3406 | L33: 764-4406 | M33: 3 | N33: 3 | O33: 3 | P33: 4 | Q33: 3 | R33: 4 | S33: 2 | T33: 0 | U33: =SUM(M33:T33) -> 22 | V33: 49 | W33: 27 | X33: 52 | Y33: 25 | Z33: 43 | AA33: 22 | AB33: 71 | AC33: 32 | AD33: 66 | AE33: 30 | AF33: 74 | AG33: 30 | AH33: =V33+X33+Z33+AB33+AD33+AF33 -> 355 | AI33: =W33+Y33+AA33+AC33+AE33+AG33 -> 166 | AJ33: 12 | AK33: 2 | AL33: 0 | AM33: 0
A34: 남부 | B34: 동구 | C34: 제물포구 | D34: 공립 | E34: 인천송림초등학교 | F34: 12149 | G34: 동구 화도진로 10(송림동235-1) | H34: 13244 | I34: 22553 | J34: 764-2342 | K34: 764-2344 | L34: 764-2340 | M34: 3 | N34: 3 | O34: 3 | P34: 4 | Q34: 4 | R34: 3 | S34: 3 | T34: 0 | U34: =SUM(M34:T34) -> 23 | V34: 67 | W34: 31 | X34: 52 | Y34: 32 | Z34: 79 | AA34: 32 | AB34: 83 | AC34: 37 | AD34: 89 | AE34: 41 | AF34: 62 | AG34: 12 | AH34: =V34+X34+Z34+AB34+AD34+AF34 -> 432 | AI34: =W34+Y34+AA34+AC34+AE34+AG34 -> 185 | AJ34: 18 | AK34: 7 | AL34: 0 | AM34: 0
A35: 남부 | B35: 동구 | C35: 제물포구 | D35: 공립 | E35: 인천송현초등학교 | F35: 13624 | G35: 동구 송화로 45 (송현동 66-21) | H35: 17001 | I35: 22521 | J35: 764-4482 | K35: 764-4483 | L35: 764-4456 | M35: 1 | N35: 2 | O35: 2 | P35: 2 | Q35: 3 | R35: 3 | S35: 2 | T35: 0 | U35: =SUM(M35:T35) -> 15 | V35: 24 | W35: 17 | X35: 27 | Y35: 6 | Z35: 34 | AA35: 19 | AB35: 48 | AC35: 27 | AD35: 77 | AE35: 35 | AF35: 74 | AG35: 34 | AH35: =V35+X35+Z35+AB35+AD35+AF35 -> 284 | AI35: =W35+Y35+AA35+AC35+AE35+AG35 -> 138 | AJ35: 12 | AK35: 1 | AL35: 0 | AM35: 0
A36: 남부 | B36: 동구 | C36: 제물포구 | D36: 공립 | E36: 인천창영초등학교 | F36: 1896-01-22 | G36: 동구 우각로 15번길 16(창영동 30) | H36: 14007.3 | I36: 22564 | J36: 629-1953 | K36: 765-4332 | L36: 765-2348 | M36: 2 | N36: 2 | O36: 2 | P36: 2 | Q36: 3 | R36: 2 | S36: 2 | T36: 0 | U36: =SUM(M36:T36) -> 15 | V36: 37 | W36: 18 | X36: 34 | Y36: 20 | Z36: 41 | AA36: 20 | AB36: 39 | AC36: 21 | AD36: 53 | AE36: 26 | AF36: 39 | AG36: 18 | AH36: =V36+X36+Z36+AB36+AD36+AF36 -> 243 | AI36: =W36+Y36+AA36+AC36+AE36+AG36 -> 123 | AJ36: 12 | AK36: 4 | AL36: 0 | AM36: 0
A37: 동구 공립 계 | D37: =COUNTA(D31:D36) -> 6 | M37: =SUM(M31:M36) -> 14 | N37: =SUM(N31:N36) -> 15 | O37: =SUM(O31:O36) -> 15 | P37: =SUM(P31:P36) -> 18 | Q37: =SUM(Q31:Q36) -> 19 | R37: =SUM(R31:R36) -> 19 | S37: =SUM(S31:S36) -> 15 | T37: =SUM(T31:T36) -> 0 | ... AM37: =SUM(AM31:AM36) -> 0
A38: 남부 | B38: 동구 | C38: 제물포구 | D38: 사립 | E38: 영화초등학교 | F38: 1892-04-30 | G38: 동구 우각로 39 | H38: 9788.8 | I38: 22564 | J38: 764-5131 | K38: 764-5130 | L38: 763-4600 | M38: 2 | N38: 3 | O38: 3 | P38: 2 | Q38: 2 | R38: 2 | S38: 0 | T38: 0 | U38: =SUM(M38:T38) -> 14 | V38: 57 | W38: 29 | X38: 87 | Y38: 42 | Z38: 74 | AA38: 39 | AB38: 42 | AC38: 23 | AD38: 44 | AE38: 21 | AF38: 40 | AG38: 14 | AH38: =V38+X38+Z38+AB38+AD38+AF38 -> 344 | AI38: =W38+Y38+AA38+AC38+AE38+AG38 -> 168 | AJ38: 0 | AK38: 0 | AL38: 0 | AM38: 0
A39: 남부 | B39: 동구 | C39: 제물포구 | D39: 사립 | E39: 인천동명초등학교 | F39: 16862 | G39: 동구 송림로70번길 10(송림동 114) | H39: 6839.1 | I39: 22555 | J39: 773-7549 | K39: 773-7549 | L39: 766-7549 | M39: 3 | N39: 3 | O39: 3 | P39: 3 | Q39: 3 | R39: 2 | S39: 0 | T39: 0 | U39: =SUM(M39:T39) -> 17 | V39: 84 | W39: 43 | X39: 85 | Y39: 39 | Z39: 79 | AA39: 37 | AB39: 77 | AC39: 31 | AD39: 77 | AE39: 38 | AF39: 47 | AG39: 28 | AH39: =V39+X39+Z39+AB39+AD39+AF39 -> 449 | AI39: =W39+Y39+AA39+AC39+AE39+AG39 -> 216 | AJ39: 0 | AK39: 0 | AL39: 0 | AM39: 0
A40: 동구 사립 계 | D40: =COUNTA(D38:D39) -> 2 | M40: =SUM(M38:M39) -> 5 | N40: =SUM(N38:N39) -> 6 | O40: =SUM(O38:O39) -> 6 | P40: =SUM(P38:P39) -> 5 | Q40: =SUM(Q38:Q39) -> 5 | R40: =SUM(R38:R39) -> 4 | S40: =SUM(S38:S39) -> 0 | T40: =SUM(T38:T39) -> 0 | ... AM40: =SUM(AM38:AM39) -> 0
A41: 동구 합계 | E41: =D37+D40 -> 8 | M41: =M37+M40 -> 19 | N41: =N37+N40 -> 21 | O41: =O37+O40 -> 21 | P41: =P37+P40 -> 23 | Q41: =Q37+Q40 -> 24 | R41: =R37+R40 -> 23 | S41: =S37+S40 -> 15 | T41: =T37+T40 -> 0 | ... AM41: =AM37+AM40 -> 0
A42: 남부 | B42: 옹진군 | C42: 옹진군 | D42: 공립 | E42: 대청초등학교 | F42: 7792 | G42: 옹진군 대청면 대청로224번길 110(대청리 1138-1) | H42: 13313 | I42: 23105 | J42: 627-1381 | K42: 627-1355 | L42: 836-0973 | M42: 1 | N42: 1 | O42: 1 | P42: 1 | Q42: 1 | R42: 0 | S42: 0 | T42: 0 | U42: =SUM(M42:T42) -> 5 | V42: 4 | W42: 2 | X42: 3 | Y42: 1 | Z42: 3 | AA42: 1 | AB42: 5 | AC42: 2 | AD42: 1 | AE42: 0 | AF42: 0 | AG42: 0 | AH42: =V42+X42+Z42+AB42+AD42+AF42 -> 16 | AI42: =W42+Y42+AA42+AC42+AE42+AG42 -> 6 | AJ42: 0 | AK42: 0 | AL42: 0 | AM42: 0
A43: 남부 | B43: 옹진군 | C43: 옹진군 | D43: 공립 | E43: 덕적초등학교 | F43: 12175 | G43: 옹진군 덕적면 덕적남로 15(진리 136) | H43: 18696 | I43: 23130 | J43: 832-2748 | K43: 832-9302 | L43: 832-9308 | M43: 1 | N43: 0 | O43: 1 | P43: 1 | Q43: 0 | R43: 1 | S43: 1 | T43: 0 | U43: =SUM(M43:T43) -> 5 | V43: 2 | W43: 0 | X43: 0 | Y43: 0 | Z43: 6 | AA43: 3 | AB43: 1 | AC43: 1 | AD43: 2 | AE43: 0 | AF43: 2 | AG43: 1 | AH43: =V43+X43+Z43+AB43+AD43+AF43 -> 13 | AI43: =W43+Y43+AA43+AC43+AE43+AG43 -> 5 | AJ43: 1 | AK43: 0 | AL43: 0 | AM43: 0 | AN43: 5~6학년 복식학급
A44: 남부 | B44: 옹진군 | C44: 옹진군 | D44: 공립 | E44: 백령초등학교 | F44: 13606 | G44: 옹진군 백령면 백령로 316번길 91(진촌리 1047) | H44: 22553 | I44: 23101 | J44: 836-0014 | K44: 629-9583 | L44: 836-2447 | M44: 1 | N44: 1 | O44: 1 | P44: 1 | Q44: 1 | R44: 1 | S44: 0 | T44: 0 | U44: =SUM(M44:T44) -> 6 | V44: 7 | W44: 1 | X44: 10 | Y44: 5 | Z44: 1 | AA44: 0 | AB44: 7 | AC44: 3 | AD44: 10 | AE44: 5 | AF44: 7 | AG44: 6 | AH44: =V44+X44+Z44+AB44+AD44+AF44 -> 42 | AI44: =W44+Y44+AA44+AC44+AE44+AG44 -> 20 | AJ44: 0 | AK44: 0 | AL44: 0 | AM44: 0
A45: 남부 | B45: 옹진군 | C45: 옹진군 | D45: 공립 | E45: 북포초등학교 | F45: 20716 | G45: 옹진군 백령면 가을길 117(가을리 1) | H45: 25598 | I45: 23103 | J45: 836-0208 | K45: 836-7719 | L45: 836-0209 | M45: 1 | N45: 1 | O45: 1 | P45: 1 | Q45: 1 | R45: 1 | S45: 1 | T45: 0 | U45: =SUM(M45:T45) -> 7 | V45: 13 | W45: 5 | X45: 9 | Y45: 2 | Z45: 9 | AA45: 6 | AB45: 9 | AC45: 6 | AD45: 9 | AE45: 3 | AF45: 12 | AG45: 6 | AH45: =V45+X45+Z45+AB45+AD45+AF45 -> 61 | AI45: =W45+Y45+AA45+AC45+AE45+AG45 -> 28 | AJ45: 1 | AK45: 0 | AL45: 0 | AM45: 0
A46: 남부 | B46: 옹진군 | C46: 옹진군 | D46: 공립 | E46: 연평초등학교 | F46: 12905 | G46: 옹진군 연평면 연평로137번길 101(연평리 437-1) | H46: 20121 | I46: 23108 | J46: 627-1753 | K46: 627-1807 | L46: 831-1655 | M46: 1 | N46: 1 | O46: 1 | P46: 1 | Q46: 1 | R46: 1 | S46: 0 | T46: 0 | U46: =SUM(M46:T46) -> 6 | V46: 2 | W46: 1 | X46: 2 | Y46: 0 | Z46: 3 | AA46: 0 | AB46: 3 | AC46: 3 | AD46: 3 | AE46: 1 | AF46: 5 | AG46: 4 | AH46: =V46+X46+Z46+AB46+AD46+AF46 -> 18 | AI46: =W46+Y46+AA46+AC46+AE46+AG46 -> 9 | AJ46: 0 | AK46: 0 | AL46: 0 | AM46: 0
A47: 남부 | B47: 옹진군 | C47: 옹진군 | D47: 공립 | E47: 영흥초등학교 | F47: 12616 | G47: 옹진군 영흥면 영흥로 440-8(내리 237) | H47: 43239 | I47: 23119 | J47: 886-0432 | K47: 886-0435 | L47: 886-0437 | M47: 2 | N47: 1 | O47: 1 | P47: 2 | Q47: 2 | R47: 2 | S47: 1 | T47: 0 | U47: =SUM(M47:T47) -> 11 | V47: 19 | W47: 10 | X47: 13 | Y47: 3 | Z47: 14 | AA47: 6 | AB47: 30 | AC47: 18 | AD47: 24 | AE47: 11 | AF47: 31 | AG47: 16 | AH47: =V47+X47+Z47+AB47+AD47+AF47 -> 131 | AI47: =W47+Y47+AA47+AC47+AE47+AG47 -> 64 | AJ47: 2 | AK47: 1 | AL47: 0 | AM47: 0
A48: 남부 | B48: 옹진군 | C48: 옹진군 | D48: 공립 | E48: 인천공항초등학교신도분교장 | F48: 17127 | G48: 옹진군 북도면 신도로896번길 18-31(신도리 492-2) | H48: 7127 | I48: 23115 | J48: 752-4051 | K48: 752-2073 | L48: 752-4010 | M48: 0 | N48: 0 | O48: 1 | P48: 1 | Q48: 0 | R48: 1 | T48: 0 | U48: =SUM(M48:T48) -> 3 | V48: 0 | W48: 0 | X48: 1 | Y48: 1 | Z48: 2 | AA48: 2 | AB48: 4 | AC48: 1 | AD48: 1 | AE48: 1 | AF48: 1 | AG48: 1 | AH48: =V48+X48+Z48+AB48+AD48+AF48 -> 9 | AI48: =W48+Y48+AA48+AC48+AE48+AG48 -> 6 | AJ48: 0 | AK48: 0 | AL48: 0 | AM48: 0 | AN48: 2~3, 5~6학년 복식학급
A49: 남부 | B49: 옹진군 | C49: 옹진군 | D49: 공립 | E49: 인천남부초등학교이작분교장 | F49: 16664 | G49: 옹진군 자월면 대이작로 60(이작리 575-3) | H49: 3264 | I49: 23128 | J49: 627-9002 | K49: 627-9010 | L49: 834-6435 | M49: 1 | N49: 0 | O49: 0 | P49: 0 | Q49: 1 | R49: 0 | T49: 0 | U49: =SUM(M49:T49) -> 2 | V49: 1 | W49: 1 | X49: 0 | Y49: 0 | Z49: 0 | AA49: 0 | AB49: 1 | AC49: 0 | AD49: 1 | AE49: 0 | AF49: 0 | AG49: 0 | AH49: =V49+X49+Z49+AB49+AD49+AF49 -> 3 | AI49: =W49+Y49+AA49+AC49+AE49+AG49 -> 1 | AJ49: 0 | AK49: 0 | AL49: 0 | AM49: 0 | AN49: 4~5학년 복식학급
A50: 남부 | B50: 옹진군 | C50: 옹진군 | D50: 공립 | E50: 인천삼목초등학교장봉분교장 | F50: 13037 | G50: 옹진군 북도면 장봉로 553(장봉리 1040) | H50: 12874 | I50: 23111 | J50: 746-8053 | K50: 746-8053 | L50: 746-8054 | M50: 0 | N50: 0 | O50: 0 | P50: 0 | Q50: 0 | R50: 0 | S50: 0 | T50: 0 | U50: 0 | V50: 0 | W50: 0 | X50: 0 | Y50: 0 | Z50: 0 | AA50: 0 | AB50: 0 | AC50: 0 | AD50: 0 | AE50: 0 | AF50: 0 | AG50: 0 | AH50: 0 | AI50: 0 | AJ50: 0 | AK50: 0 | AL50: 0 | AM50: 0 | AN50: 학급미편성
A51: 남부 | B51: 옹진군 | C51: 옹진군 | D51: 공립 | E51: 인천용현남초등학교자월분교장 | F51: 17092 | G51: 옹진군 자월면 자월서로 177(자월리 1116-2) | H51: 12758 | I51: 23125 | J51: 831-7419 | K51: 629-1340 | L51: 831-7420 | M51: 1 | N51: 0 | O51: 0 | P51: 0 | Q51: 0 | R51: 1 | S51: 0 | T51: 0 | U51: =SUM(M51:T51) -> 2 | V51: 1 | W51: 0 | X51: 1 | Y51: 0 | Z51: 0 | AA51: 0 | AB51: 0 | AC51: 0 | AD51: 0 | AE51: 0 | AF51: 1 | AG51: 1 | AH51: =V51+X51+Z51+AB51+AD51+AF51 -> 3 | AI51: =W51+Y51+AA51+AC51+AE51+AG51 -> 1 | AJ51: 0 | AK51: 0 | AL51: 0 | AM51: 0 | AN51: 1~2학년 복식학급
A52: 남부 | B52: 옹진군 | C52: 옹진군 | D52: 공립 | E52: 인천주안남초등학교승봉분교장 | F52: 17046 | G52: 옹진군 자월면 승봉로 67번길 43-18(승봉리 712) | H52: 5424 | I52: 23127 | J52: 424-7247 | K52: 428-1841 | L52: 424-7245 | M52: 0 | N52: 0 | O52: 0 | P52: 0 | Q52: 0 | R52: 0 | S52: 0 | T52: 0 | U52: =SUM(M52:T52) -> 0 | V52: 0 | W52: 0 | X52: 0 | Y52: 0 | Z52: 0 | AA52: 0 | AB52: 0 | AC52: 0 | AD52: 0 | AE52: 0 | AF52: 0 | AG52: 0 | AH52: =V52+X52+Z52+AB52+AD52+AF52 -> 0 | AI52: =W52+Y52+AA52+AC52+AE52+AG52 -> 0 | AJ52: 0 | AK52: 0 | AL52: 0 | AM52: 0 | AN52: 학급미편성
A53: 옹진군 공립(분교) 계 | D53: 6(5) | M53: =SUM(M42:M52) -> 9 | N53: =SUM(N42:N52) -> 5 | O53: =SUM(O42:O52) -> 7 | P53: =SUM(P42:P52) -> 8 | Q53: =SUM(Q42:Q52) -> 7 | R53: =SUM(R42:R52) -> 8 | S53: =SUM(S42:S52) -> 3 | T53: =SUM(T42:T52) -> 0 | ... AM53: =SUM(AM42:AM52) -> 0
A54: 옹진군(분교) 합계 | E54: =D53 -> 6(5) | M54: =M53 -> 9 | N54: =N53 -> 5 | O54: =O53 -> 7 | P54: =P53 -> 8 | Q54: =Q53 -> 7 | R54: =R53 -> 8 | S54: =S53 -> 3 | T54: =T53 -> 0 | ... AM54: =AM53 -> 0
A55: 남부 | B55: 중구 | C55: 영종구 | D55: 공립 | E55: 인천공항초등학교 | F55: 37316 | G55: 중구 신도시남로 43(운서동 2788-1) | H55: 11635 | I55: 22370 | J55: 752-2072 | K55: 752-2073 | L55: 752-2074 | M55: 2 | N55: 2 | O55: 3 | P55: 3 | Q55: 3 | R55: 4 | S55: 2 | T55: 0 | U55: =SUM(M55:T55) -> 19 | V55: 33 | W55: 12 | X55: 48 | Y55: 18 | Z55: 50 | AA55: 22 | AB55: 52 | AC55: 31 | AD55: 63 | AE55: 29 | AF55: 85 | AG55: 48 | AH55: =V55+X55+Z55+AB55+AD55+AF55 -> 331 | AI55: =W55+Y55+AA55+AC55+AE55+AG55 -> 160 | AJ55: 6 | AK55: 0 | AL55: 0 | AM55: 0
A56: 남부 | B56: 중구 | C56: 영종구 | D56: 공립 | E56: 인천달빛초등학교 | F56: 46082 | G56: 중구 은하수로 124(중산동 1914-4) | H56: 14403 | I56: 22393 | J56: 458-1014 | K56: 458-1023 | L56: 746-0412 | M56: 3 | N56: 1 | O56: 1 | P56: 1 | Q56: 1 | R56: 1 | S56: 1 | T56: 0 | U56: =SUM(M56:T56) -> 9 | V56: 45 | W56: 17 | X56: 9 | Y56: 5 | Z56: 12 | AA56: 4 | AB56: 10 | AC56: 3 | AD56: 11 | AE56: 5 | AF56: 8 | AG56: 6 | AH56: =V56+X56+Z56+AB56+AD56+AF56 -> 95 | AI56: =W56+Y56+AA56+AC56+AE56+AG56 -> 40 | AJ56: 3 | AK56: 1 | AL56: 0 | AM56: 0
A57: 남부 | B57: 중구 | C57: 영종구 | D57: 공립 | E57: 인천별빛초등학교 | F57: 44075 | G57: 중구 은하수로 402(운남동 1766-4) | H57: 15576.4 | I57: 22389 | J57: 455-8705 | K57: 455-8709 | L57: 752-8458 | M57: 7 | N57: 8 | O57: 8 | P57: 10 | Q57: 9 | R57: 9 | S57: 3 | T57: 0 | U57: =SUM(M57:T57) -> 54 | V57: 180 | W57: 95 | X57: 223 | Y57: 101 | Z57: 215 | AA57: 110 | AB57: 258 | AC57: 133 | AD57: 255 | AE57: 135 | AF57: 219 | AG57: 97 | AH57: =V57+X57+Z57+AB57+AD57+AF57 -> 1350 | AI57: =W57+Y57+AA57+AC57+AE57+AG57 -> 671 | AJ57: 18 | AK57: 10 | AL57: 0 | AM57: 0
A58: 남부 | B58: 중구 | C58: 영종구 | D58: 공립 | E58: 인천삼목초등학교 | F58: 38047 | G58: 중구 신도시북로 42(운서동 2708-2) | H58: 12370 | I58: 22365 | J58: 746-2812 | K58: 746-2813 | L58: 746-2814 | M58: 3 | N58: 3 | O58: 3 | P58: 3 | Q58: 4 | R58: 5 | S58: 3 | T58: 0 | U58: =SUM(M58:T58) -> 24 | V58: 65 | W58: 28 | X58: 62 | Y58: 28 | Z58: 66 | AA58: 30 | AB58: 73 | AC58: 39 | AD58: 98 | AE58: 46 | AF58: 105 | AG58: 51 | AH58: 469 | AI58: 222 | AJ58: 13 | AK58: 3 | AL58: 0 | AM58: 0
A59: 남부 | B59: 중구 | C59: 제물포구 | D59: 공립 | E59: 인천송월초등학교 | F59: 20211 | G59: 중구 자유공원로 106-8(전동 25-37) | H59: 30113 | I59: 22309 | J59: 764-1901 | K59: 629-0682 | L59: 764-3818 | M59: 1 | N59: 1 | O59: 2 | P59: 2 | Q59: 2 | R59: 2 | S59: 2 | T59: 0 | U59: =SUM(M59:T59) -> 12 | V59: 16 | W59: 8 | X59: 10 | Y59: 5 | Z59: 20 | AA59: 8 | AB59: 20 | AC59: 14 | AD59: 21 | AE59: 6 | AF59: 27 | AG59: 16 | AH59: =V59+X59+Z59+AB59+AD59+AF59 -> 114 | AI59: =W59+Y59+AA59+AC59+AE59+AG59 -> 57 | AJ59: 9 | AK59: 3 | AL59: 0 | AM59: 0
A60: 남부 | B60: 중구 | C60: 제물포구 | D60: 공립 | E60: 인천신광초등학교 | F60: 21276 | G60: 중구 인중로 63(신흥동3가 7-8) | H60: 11696 | I60: 22330 | J60: 629-0743 | K60: 629-0746 | L60: 881-8341 | M60: 5 | N60: 5 | O60: 6 | P60: 5 | Q60: 5 | R60: 5 | S60: 4 | T60: 0 | U60: =SUM(M60:T60) -> 35 | V60: 86 | W60: 44 | X60: 105 | Y60: 53 | Z60: 131 | AA60: 69 | AB60: 123 | AC60: 64 | AD60: 124 | AE60: 68 | AF60: 118 | AG60: 69 | AH60: =V60+X60+Z60+AB60+AD60+AF60 -> 687 | AI60: =W60+Y60+AA60+AC60+AE60+AG60 -> 367 | AJ60: 24 | AK60: 11 | AL60: 0 | AM60: 0
A61: 남부 | B61: 중구 | C61: 제물포구 | D61: 공립 | E61: 인천신선초등학교 | F61: 37263 | G61: 중구 축항대로291번길 33(신흥동3가 31-8) | H61: 11553.1 | I61: 22334 | J61: 650-0805 | K61: 650-0817 | L61: 650-0812 | M61: 2 | N61: 2 | O61: 2 | P61: 2 | Q61: 3 | R61: 2 | S61: 3 | T61: 0 | U61: =SUM(M61:T61) -> 16 | V61: 40 | W61: 21 | X61: 40 | Y61: 17 | Z61: 45 | AA61: 21 | AB61: 47 | AC61: 18 | AD61: 56 | AE61: 18 | AF61: 48 | AG61: 30 | AH61: =V61+X61+Z61+AB61+AD61+AF61 -> 276 | AI61: =W61+Y61+AA61+AC61+AE61+AG61 -> 125 | AJ61: 11 | AK61: 4 | AL61: 0 | AM61: 0
A62: 남부 | B62: 중구 | C62: 제물포구 | D62: 공립 | E62: 인천신흥초등학교 | F62: 16876 | G62: 중구 제물량로 134(답동 6) | H62: 15683 | I62: 22321 | J62: 629-0440 | K62: 629-0447 | L62: 764-0403 | M62: 3 | N62: 3 | O62: 3 | P62: 3 | Q62: 4 | R62: 3 | S62: 3 | T62: 1 | U62: =SUM(M62:T62) -> 23 | V62: 43 | W62: 18 | X62: 42 | Y62: 23 | Z62: 44 | AA62: 23 | AB62: 55 | AC62: 31 | AD62: 63 | AE62: 28 | AF62: 57 | AG62: 28 | AH62: =V62+X62+Z62+AB62+AD62+AF62 -> 304 | AI62: =W62+Y62+AA62+AC62+AE62+AG62 -> 151 | AJ62: 15 | AK62: 3 | AL62: 20 | AM62: 11
A63: 남부 | B63: 중구 | C63: 제물포구 | D63: 공립 | E63: 인천연안초등학교 | F63: 32021 | G63: 중구 연안부두로33번길 53(항동7가 27-74) | H63: 11582 | I63: 22348 | J63: 629-1463 | K63: 629-1446 | L63: 887-7500 | M63: 1 | N63: 1 | O63: 1 | P63: 1 | Q63: 1 | R63: 2 | S63: 1 | T63: 0 | U63: =SUM(M63:T63) -> 8 | V63: 7 | W63: 3 | X63: 17 | Y63: 8 | Z63: 7 | AA63: 4 | AB63: 16 | AC63: 7 | AD63: 9 | AE63: 5 | AF63: 27 | AG63: 13 | AH63: =V63+X63+Z63+AB63+AD63+AF63 -> 83 | AI63: =W63+Y63+AA63+AC63+AE63+AG63 -> 40 | AJ63: 6 | AK63: 2 | AL63: 0 | AM63: 0
A64: 남부 | B64: 중구 | C64: 영종구 | D64: 공립 | E64: 인천영종초등학교 | F64: 7571 | G64: 중구 하늘달빛로133(중산동 1871-2) | H64: 15012 | I64: 22406 | J64: 627-9880 | K64: 627-9882 | L64: 746-9614 | M64: 8 | N64: 7 | O64: 7 | P64: 9 | Q64: 9 | R64: 8 | S64: 3 | T64: =-T26 -> 0 | U64: =SUM(M64:T64) -> 51 | V64: 197 | W64: 85 | X64: 173 | Y64: 91 | Z64: 187 | AA64: 99 | AB64: 224 | AC64: 99 | AD64: 232 | AE64: 102 | AF64: 217 | AG64: 117 | AH64: =V64+X64+Z64+AB64+AD64+AF64 -> 1230 | AI64: =W64+Y64+AA64+AC64+AE64+AG64 -> 593 | AJ64: 13 | AK64: 7 | AL64: 0 | AM64: 0
A65: 남부 | B65: 중구 | C65: 영종구 | D65: 공립 | E65: 인천영종초등학교금산분교장 | F65: 17075 | G65: 중구 백운로 414번길 63-50(운북동 453-1) | H65: 12705 | I65: 22356 | J65: 629-2030 | K65: 627-9882 | L65: 746-0289 | M65: 1 | N65: 1 | O65: 1 | P65: 1 | Q65: 1 | R65: 1 | S65: 1 | T65: 0 | U65: =SUM(M65:T65) -> 7 | V65: 7 | W65: 3 | X65: 5 | Y65: 3 | Z65: 6 | AA65: 4 | AB65: 8 | AC65: 4 | AD65: 11 | AE65: 4 | AF65: 5 | AG65: 0 | AH65: =V65+X65+Z65+AB65+AD65+AF65 -> 42 | AI65: =W65+Y65+AA65+AC65+AE65+AG65 -> 18 | AJ65: 3 | AK65: 1 | AL65: 0 | AM65: 0
A66: 남부 | B66: 중구 | C66: 영종구 | D66: 공립 | E66: 인천용유초등학교 | F66: 13130 | G66: 영종구 남북로87번길 4(남북동 584-2) | H66: 10184 | I66: 22384 | J66: 746-7595 | K66: 746-7594 | L66: 746-7597 | M66: 1 | N66: 1 | O66: 1 | P66: 1 | Q66: 1 | R66: 1 | S66: 1 | T66: 0 | U66: =SUM(M66:T66) -> 7 | V66: 2 | W66: 0 | X66: 5 | Y66: 2 | Z66: 2 | AA66: 0 | AB66: 8 | AC66: 1 | AD66: 4 | AE66: 1 | AF66: 6 | AG66: 3 | AH66: =V66+X66+Z66+AB66+AD66+AF66 -> 27 | AI66: =W66+Y66+AA66+AC66+AE66+AG66 -> 7 | AJ66: 3 | AK66: 0 | AL66: 0 | AM66: 0
A67: 남부 | B67: 중구 | C67: 영종구 | D67: 공립 | E67: 인천운남초등학교 | F67: 40238 | G67: 중구 운남서로 38(운남동 1569) | H67: 11334.6 | I67: 22372 | J67: 746-2191 | K67: 746-2190 | L67: 746-2199 | M67: 4 | N67: 3 | O67: 3 | P67: 4 | Q67: 3 | R67: 3 | S67: 3 | T67: 0 | U67: =SUM(M67:T67) -> 23 | V67: 82 | W67: 42 | X67: 75 | Y67: 36 | Z67: 73 | AA67: 40 | AB67: 94 | AC67: 54 | AD67: 81 | AE67: 40 | AF67: 78 | AG67: 38 | AH67: =V67+X67+Z67+AB67+AD67+AF67 -> 483 | AI67: =W67+Y67+AA67+AC67+AE67+AG67 -> 250 | AJ67: 13 | AK67: 7 | AL67: 0 | AM67: 0
A68: 남부 | B68: 중구 | C68: 영종구 | D68: 공립 | E68: 인천운서초등학교 | F68: 19481 | G68: 중구 운서2로 57(운서동 2895-13) | H68: 13230 | I68: 22374 | J68: 746-5095 | K68: 746-5095 | L68: 746-2163 | M68: 3 | N68: 5 | O68: 3 | P68: 4 | Q68: 4 | R68: 5 | S68: 3 | T68: 0 | U68: =SUM(M68:T68) -> 27 | V68: 42 | W68: 19 | X68: 78 | Y68: 33 | Z68: 45 | AA68: 15 | AB68: 61 | AC68: 30 | AD68: 80 | AE68: 34 | AF68: 87 | AG68: 40 | AH68: =V68+X68+Z68+AB68+AD68+AF68 -> 393 | AI68: =W68+Y68+AA68+AC68+AE68+AG68 -> 171 | AJ68: 13 | AK68: 5 | AL68: 0 | AM68: 0
A69: 남부 | B69: 중구 | C69: 영종구 | D69: 공립 | E69: 인천윤슬초등학교 | F69: 46082 | G69: 중구 영종대로278번길 27(운서동 3105) | H69: 13662.7 | I69: 22374 | J69: 500-1810 | K69: 500-1820 | L69: 746-6357 | M69: 6 | N69: 5 | O69: 5 | P69: 4 | Q69: 4 | R69: 3 | S69: 2 | T69: 0 | U69: =SUM(M69:T69) -> 29 | V69: 123 | W69: 51 | X69: 97 | Y69: 44 | Z69: 105 | AA69: 49 | AB69: 76 | AC69: 35 | AD69: 66 | AE69: 29 | AF69: 49 | AG69: 23 | AH69: =V69+X69+Z69+AB69+AD69+AF69 -> 516 | AI69: =W69+Y69+AA69+AC69+AE69+AG69 -> 231 | AJ69: 11 | AK69: 4 | AL69: 0 | AM69: 0
A70: 남부 | B70: 중구 | C70: 영종구 | D70: 공립 | E70: 인천중산초등학교 | F70: 43526 | G70: 중구 두미포로 100(중산동 1887-3) | H70: 12843 | I70: 22394 | J70: 509-3600 | K70: 509-3624 | L70: 509-3603 | M70: 7 | N70: 8 | O70: 9 | P70: 11 | Q70: 11 | R70: 11 | S70: 4 | T70: 0 | U70: =SUM(M70:T70) -> 61 | V70: 176 | W70: 83 | X70: 206 | Y70: 98 | Z70: 230 | AA70: 109 | AB70: 281 | AC70: 135 | AD70: 292 | AE70: 145 | AF70: 286 | AG70: 137 | AH70: =V70+X70+Z70+AB70+AD70+AF70 -> 1471 | AI70: =W70+Y70+AA70+AC70+AE70+AG70 -> 707 | AJ70: 20 | AK70: 3 | AL70: 0 | AM70: 0
A71: 남부 | B71: 중구 | C71: 영종구 | D71: 공립 | E71: 인천하늘초등학교 | F71: 41518 | G71: 중구 은하수로294(중산동 1880-3) | H71: 13801 | I71: 22390 | J71: 745-6706 | K71: 745-6708 | L71: 745-6700 | M71: 9 | N71: 9 | O71: 9 | P71: 9 | Q71: 9 | R71: 8 | S71: 3 | T71: 0 | U71: =SUM(M71:T71) -> 56 | V71: 232 | W71: 117 | X71: 230 | Y71: 108 | Z71: 236 | AA71: 111 | AB71: 218 | AC71: 124 | AD71: 224 | AE71: 121 | AF71: 198 | AG71: 102 | AH71: =V71+X71+Z71+AB71+AD71+AF71 -> 1338 | AI71: =W71+Y71+AA71+AC71+AE71+AG71 -> 683 | AJ71: 17 | AK71: 7 | AL71: 0 | AM71: 0
A72: 중구 공립(분교) 계 | D72: 16(1) | M72: =SUM(M55:M71) -> 66 | N72: =SUM(N55:N71) -> 65 | O72: =SUM(O55:O71) -> 67 | P72: =SUM(P55:P71) -> 73 | Q72: =SUM(Q55:Q71) -> 74 | R72: =SUM(R55:R71) -> 73 | S72: =SUM(S55:S71) -> 42 | T72: =SUM(T55:T71) -> 1 | ... AM72: =SUM(AM55:AM71) -> 11
A73: 남부 | B73: 중구 | C73: 제물포구 | D73: 사립 | E73: 인성초등학교 | F73: 23071 | G73: 중구 신포로39번길 42(송학동2가 18-1) | H73: 2242 | I73: 22315 | J73: 772-2238 | K73: 772-2238 | L73: 764-1986 | M73: 3 | N73: 3 | O73: 3 | P73: 3 | Q73: 3 | R73: 3 | S73: 0 | T73: 0 | U73: =SUM(M73:T73) -> 18 | V73: 84 | W73: 40 | X73: 84 | Y73: 39 | Z73: 83 | AA73: 39 | AB73: 83 | AC73: 43 | AD73: 81 | AE73: 34 | AF73: 82 | AG73: 41 | AH73: =V73+X73+Z73+AB73+AD73+AF73 -> 497 | AI73: =W73+Y73+AA73+AC73+AE73+AG73 -> 236 | AJ73: 0 | AK73: 0 | AL73: 0 | AM73: 0
A74: 중구 사립 계 | D74: =COUNTA(D73) -> 1 | M74: =M73 -> 3 | N74: =N73 -> 3 | O74: =O73 -> 3 | P74: =P73 -> 3 | Q74: =Q73 -> 3 | R74: =R73 -> 3 | S74: =S73 -> 0 | T74: =T73 -> 0 | ... AM74: =AM73 -> 0
A75: 중구(분교) 합계 | E75: 17(1) | M75: =M72+M74 -> 69 | N75: =N72+N74 -> 68 | O75: =O72+O74 -> 70 | P75: =P72+P74 -> 76 | Q75: =Q72+Q74 -> 77 | R75: =R72+R74 -> 76 | S75: =S72+S74 -> 42 | T75: =T72+T74 -> 1 | ... AM75: =AM72+AM74 -> 11
A76: 북부 | B76: 부평구 | C76: 부평구 | D76: 공립 | E76: 인천갈산초등학교 | F76: 34029 | G76: 부평구 갈월동로 55(갈산동 360-1) | H76: 9783.39 | I76: 21331 | J76: 508-5592 | K76: 508-5593 | L76: 507-9712 | M76: 1 | N76: 2 | O76: 2 | P76: 2 | Q76: 2 | R76: 2 | S76: 2 | T76: 0 | U76: =SUM(M76:T76) -> 13 | V76: 16 | W76: 7 | X76: 26 | Y76: 13 | Z76: 22 | AA76: 9 | AB76: 25 | AC76: 13 | AD76: 38 | AE76: 21 | AF76: 41 | AG76: 19 | AH76: =V76+X76+Z76+AB76+AD76+AF76 -> 168 | AI76: =W76+Y76+AA76+AC76+AE76+AG76 -> 82 | AJ76: 7 | AK76: 3 | AL76: 0 | AM76: 0
A77: 북부 | B77: 부평구 | C77: 부평구 | D77: 공립 | E77: 인천갈월초등학교 | F77: 36951 | G77: 부평구 주부토로 165(갈산동 373) | H77: 13060 | I77: 21335 | J77: 507-7108 | K77: 507-7109 | L77: 507-7113 | M77: 3 | N77: 3 | O77: 3 | P77: 4 | Q77: 5 | R77: 4 | S77: 2 | T77: 0 | U77: =SUM(M77:T77) -> 24 | V77: 57 | W77: 26 | X77: 58 | Y77: 27 | Z77: 68 | AA77: 35 | AB77: 76 | AC77: 40 | AD77: 101 | AE77: 53 | AF77: 87 | AG77: 43 | AH77: =V77+X77+Z77+AB77+AD77+AF77 -> 447 | AI77: =W77+Y77+AA77+AC77+AE77+AG77 -> 224 | AJ77: 13 | AK77: 2 | AL77: 0 | AM77: 0
A78: 북부 | B78: 부평구 | C78: 부평구 | D78: 공립 | E78: 인천개흥초등학교 | F78: 33728 | G78: 부평구 길주남로 65번길 11(부평동905) | H78: 10843 | I78: 21355 | J78: 628-1668 | K78: 628-1667 | L78: 512-9685 | M78: 3 | N78: 3 | O78: 3 | P78: 3 | Q78: 4 | R78: 3 | S78: 2 | T78: 0 | U78: =SUM(M78:T78) -> 21 | V78: 46 | W78: 20 | X78: 47 | Y78: 30 | Z78: 46 | AA78: 30 | AB78: 50 | AC78: 24 | AD78: 66 | AE78: 27 | AF78: 52 | AG78: 26 | AH78: =V78+X78+Z78+AB78+AD78+AF78 -> 307 | AI78: =W78+Y78+AA78+AC78+AE78+AG78 -> 157 | AJ78: 8 | AK78: 2 | AL78: 0 | AM78: 0
A79: 북부 | B79: 부평구 | C79: 부평구 | D79: 공립 | E79: 인천구산초등학교 | F79: 35309 | G79: 부평구 부개로 93(부개동 496-5번지) | H79: 9500 | I79: 21345 | J79: 361-0831 | K79: 361-0833 | L79: 361-0834 | M79: 2 | N79: 2 | O79: 2 | P79: 3 | Q79: 2 | R79: 3 | S79: 1 | T79: 0 | U79: =SUM(M79:T79) -> 15 | V79: 30 | W79: 14 | X79: 36 | Y79: 16 | Z79: 34 | AA79: 14 | AB79: 55 | AC79: 24 | AD79: 46 | AE79: 20 | AF79: 62 | AG79: 30 | AH79: =V79+X79+Z79+AB79+AD79+AF79 -> 263 | AI79: =W79+Y79+AA79+AC79+AE79+AG79 -> 118 | AJ79: 3 | AK79: 1 | AL79: 0 | AM79: 0
A80: 북부 | B80: 부평구 | C80: 부평구 | D80: 공립 | E80: 인천굴포초등학교 | F80: 38231 | G80: 부평구 충선로 234번길 19(삼산동 454-1번지) | H80: 12214 | I80: 21341 | J80: 511-3872 | K80: 511-3870 | L80: 511-3879 | M80: 3 | N80: 4 | O80: 4 | P80: 5 | Q80: 6 | R80: 5 | S80: 1 | T80: 0 | U80: =SUM(M80:T80) -> 28 | V80: 67 | W80: 34 | X80: 96 | Y80: 51 | Z80: 108 | AA80: 55 | AB80: 124 | AC80: 55 | AD80: 148 | AE80: 74 | AF80: 138 | AG80: 59 | AH80: =V80+X80+Z80+AB80+AD80+AF80 -> 681 | AI80: =W80+Y80+AA80+AC80+AE80+AG80 -> 328 | AJ80: 1 | AK80: 1 | AL80: 0 | AM80: 0
A81: 북부 | B81: 부평구 | C81: 부평구 | D81: 공립 | E81: 인천금마초등학교 | F81: 38988 | G81: 부평구 일신로88(구산동 357) | H81: 9459 | I81: 21457 | J81: 628-2853 | K81: 508-6080 | L81: 508-6082 | M81: 2 | N81: 2 | O81: 2 | P81: 2 | Q81: 2 | R81: 2 | S81: 3 | T81: 0 | U81: =SUM(M81:T81) -> 15 | V81: 24 | W81: 8 | X81: 34 | Y81: 14 | Z81: 42 | AA81: 21 | AB81: 46 | AC81: 24 | AD81: 41 | AE81: 19 | AF81: 42 | AG81: 24 | AH81: =V81+X81+Z81+AB81+AD81+AF81 -> 229 | AI81: =W81+Y81+AA81+AC81+AE81+AG81 -> 110 | AJ81: 15 | AK81: 5 | AL81: 0 | AM81: 0
A82: 북부 | B82: 부평구 | C82: 부평구 | D82: 공립 | E82: 인천대정초등학교 | F82: 31837 | G82: 부평구 안남로115(산곡동 311-150) | H82: 11510 | I82: 21381 | J82: 524-0474 | K82: 527-0684 | L82: 527-0686 | M82: 3 | N82: 3 | O82: 3 | P82: 3 | Q82: 4 | R82: 3 | S82: 1 | T82: 0 | U82: =SUM(M82:T82) -> 20 | V82: 63 | W82: 32 | X82: 57 | Y82: 31 | Z82: 65 | AA82: 41 | AB82: 75 | AC82: 31 | AD82: 82 | AE82: 39 | AF82: 82 | AG82: 35 | AH82: =V82+X82+Z82+AB82+AD82+AF82 -> 424 | AI82: =W82+Y82+AA82+AC82+AE82+AG82 -> 209 | AJ82: 8 | AK82: 5 | AL82: 0 | AM82: 0
A83: 북부 | B83: 부평구 | C83: 부평구 | D83: 공립 | E83: 인천동수초등학교 | F83: 33482 | G83: 부평구 동수로 120번길 10(부개동 442-23) | H83: 11379 | I83: 21458 | J83: 518-4223 | K83: 518-4222 | L83: 518-4168 | M83: 3 | N83: 5 | O83: 5 | P83: 5 | Q83: 5 | R83: 5 | S83: 3 | T83: 0 | U83: =SUM(M83:T83) -> 31 | V83: 74 | W83: 34 | X83: 97 | Y83: 46 | Z83: 102 | AA83: 45 | AB83: 105 | AC83: 49 | AD83: 108 | AE83: 53 | AF83: 99 | AG83: 55 | AH83: =V83+X83+Z83+AB83+AD83+AF83 -> 585 | AI83: =W83+Y83+AA83+AC83+AE83+AG83 -> 282 | AJ83: 14 | AK83: 2 | AL83: 0 | AM83: 0
A84: 북부 | B84: 부평구 | C84: 부평구 | D84: 공립 | E84: 인천동암초등학교 | F84: 24447 | G84: 부평구 동암남로35번길 4(십정동 501) | H84: 18046 | I84: 21438 | J84: 424-6670 | K84: 628-0635 | L84: 424-6672 | M84: 3 | N84: 3 | O84: 3 | P84: 3 | Q84: 3 | R84: 3 | S84: 2 | T84: 0 | U84: =SUM(M84:T84) -> 20 | V84: 47 | W84: 31 | X84: 43 | Y84: 23 | Z84: 49 | AA84: 28 | AB84: 57 | AC84: 36 | AD84: 48 | AE84: 24 | AF84: 53 | AG84: 27 | AH84: =V84+X84+Z84+AB84+AD84+AF84 -> 297 | AI84: =W84+Y84+AA84+AC84+AE84+AG84 -> 169 | AJ84: 7 | AK84: 5 | AL84: 0 | AM84: 0
A85: 북부 | B85: 부평구 | C85: 부평구 | D85: 공립 | E85: 인천마곡초등학교 | F85: 32752 | G85: 부평구 마곡로27번길 16(산곡동 68번지) | H85: 13806 | I85: 21307 | J85: 522-3576 | K85: 522-4312 | L85: 522-4352 | M85: 2 | N85: 2 | O85: 2 | P85: 1 | Q85: 1 | R85: 1 | S85: 1 | T85: 0 | U85: =SUM(M85:T85) -> 10 | V85: 34 | W85: 18 | X85: 24 | Y85: 11 | Z85: 24 | AA85: 13 | AB85: 13 | AC85: 13 | AD85: 20 | AE85: 11 | AF85: 15 | AG85: 7 | AH85: =V85+X85+Z85+AB85+AD85+AF85 -> 130 | AI85: =W85+Y85+AA85+AC85+AE85+AG85 -> 73 | AJ85: 6 | AK85: 4 | AL85: 0 | AM85: 0
A86: 북부 | B86: 부평구 | C86: 부평구 | D86: 공립 | E86: 인천마장초등학교 | F86: 35490 | G86: 부평구 안남로 266(청천동 336-10번지) | H86: 10119 | I86: 21363 | J86: 505-5092 | K86: 505-5094 | L86: 505-5093 | M86: 3 | N86: 4 | O86: 4 | P86: 3 | Q86: 4 | R86: 4 | S86: 2 | T86: 0 | U86: =SUM(M86:T86) -> 24 | V86: 70 | W86: 31 | X86: 88 | Y86: 51 | Z86: 91 | AA86: 42 | AB86: 80 | AC86: 37 | AD86: 102 | AE86: 44 | AF86: 91 | AG86: 46 | AH86: =V86+X86+Z86+AB86+AD86+AF86 -> 522 | AI86: =W86+Y86+AA86+AC86+AE86+AG86 -> 251 | AJ86: 9 | AK86: 2 | AL86: 0 | AM86: 0
A87: 북부 | B87: 부평구 | C87: 부평구 | D87: 공립 | E87: 인천미산초등학교 | F87: 36951 | G87: 부평구 원적로 391(산곡동 128-60) | H87: 15962 | I87: 21363 | J87: 628-2464 | K87: 628-2468 | L87: 502-4007 | M87: 2 | N87: 2 | O87: 2 | P87: 2 | Q87: 2 | R87: 2 | S87: 2 | T87: 0 | U87: =SUM(M87:T87) -> 14 | V87: 22 | W87: 14 | X87: 21 | Y87: 8 | Z87: 30 | AA87: 16 | AB87: 37 | AC87: 15 | AD87: 45 | AE87: 23 | AF87: 44 | AG87: 19 | AH87: =V87+X87+Z87+AB87+AD87+AF87 -> 199 | AI87: =W87+Y87+AA87+AC87+AE87+AG87 -> 95 | AJ87: 9 | AK87: 3 | AL87: 0 | AM87: 0
... A116: 북부 | B116: 부평구 | C116: 부평구 | D116: 공립 | E116: 인천후정초등학교 | F116: 37865 | G116: 부평구 영성서로 56(삼산동 390-1) | H116: 10925.1 | I116: 21319 | J116: 517-2651 | K116: 517-2650 | L116: 517-2496 | M116: 2 | N116: 2 | O116: 2 | P116: 2 | Q116: 3 | R116: 3 | S116: 1 | T116: 0 | U116: =SUM(M116:T116) -> 15 | V116: 29 | W116: 17 | X116: 30 | Y116: 13 | Z116: 45 | AA116: 21 | AB116: 45 | AC116: 22 | AD116: 52 | AE116: 28 | AF116: 64 | AG116: 31 | AH116: =V116+X116+Z116+AB116+AD116+AF116 -> 265 | AI116: =W116+Y116+AA116+AC116+AE116+AG116 -> 132 | AJ116: 2 | AK116: 2 | AL116: 0 | AM116: 0
A117: 부평구 공립 계 | D117: =COUNTA(D76:D116) -> 41 | M117: =SUM(M76:M116) -> 132 | N117: =SUM(N76:N116) -> 140 | O117: =SUM(O76:O116) -> 145 | P117: =SUM(P76:P116) -> 160 | Q117: =SUM(Q76:Q116) -> 164 | R117: =SUM(R76:R116) -> 163 | S117: =SUM(S76:S116) -> 88 | T117: =SUM(T76:T116) -> 1 | ... AM117: =SUM(AM76:AM116) -> 7
A118: 북부 | B118: 부평구 | C118: 부평구 | D118: 사립 | E118: 한일초등학교 | F118: 23802 | G118: 부평구 원적로 247(산곡동 179-79번지) | H118: 2419.97 | I118: 21368 | J118: 628-2915 | K118: 628-2918 | L118: 513-0422 | M118: 2 | N118: 2 | O118: 2 | P118: 2 | Q118: 2 | R118: 2 | S118: 0 | T118: 0 | U118: =SUM(M118:T118) -> 12 | V118: 57 | W118: 28 | X118: 56 | Y118: 27 | Z118: 50 | AA118: 25 | AB118: 55 | AC118: 25 | AD118: 50 | AE118: 22 | AF118: 45 | AG118: 21 | AH118: =V118+X118+Z118+AB118+AD118+AF118 -> 313 | AI118: =W118+Y118+AA118+AC118+AE118+AG118 -> 148 | AJ118: 0 | AK118: 0 | AL118: 0 | AM118: 0
A119: 부평구 사립 계 | D119: =COUNTA(D118) -> 1 | M119: =M118 -> 2 | N119: =N118 -> 2 | O119: =O118 -> 2 | P119: =P118 -> 2 | Q119: =Q118 -> 2 | R119: =R118 -> 2 | S119: =S118 -> 0 | T119: =T118 -> 0 | ... AM119: =AM118 -> 0
A120: 부평구 합계 | E120: =D117+D119 -> 42 | M120: =M117+M119 -> 134 | N120: =N117+N119 -> 142 | O120: =O117+O119 -> 147 | P120: =P117+P119 -> 162 | Q120: =Q117+Q119 -> 166 | R120: =R117+R119 -> 165 | S120: =S117+S119 -> 88 | T120: =T117+T119 -> 1 | ... AM120: =AM117+AM119 -> 7
A121: 북부 | B121: 계양구 | C121: 계양구 | D121: 국립 | E121: 경인교육대학교부설초등학교 | F121: 20920 | G121: 계양구 안남로612(효성동 산19-1) | H121: 26777 | I121: 21093 | J121: 547-5577 | K121: 547-8466 | L121: 547-8469 | M121: 4 | N121: 4 | O121: 4 | P121: 4 | Q121: 4 | R121: 4 | S121: 1 | T121: 0 | U121: =SUM(M121:T121) -> 25 | V121: 80 | W121: 40 | X121: 80 | Y121: 40 | Z121: 96 | AA121: 48 | AB121: 96 | AC121: 48 | AD121: 96 | AE121: 48 | AF121: 95 | AG121: 48 | AH121: =V121+X121+Z121+AB121+AD121+AF121 -> 543 | AI121: =W121+Y121+AA121+AC121+AE121+AG121 -> 272 | AJ121: 6 | AK121: 3 | AL121: 0 | AM121: 0
A122: 계양구 국립 계 | D122: =COUNTA(D121) -> 1 | M122: =SUM(M121) -> 4 | N122: =SUM(N121) -> 4 | O122: =SUM(O121) -> 4 | P122: =SUM(P121) -> 4 | Q122: =SUM(Q121) -> 4 | R122: =SUM(R121) -> 4 | S122: =SUM(S121) -> 1 | T122: =SUM(T121) -> 0 | ... AM122: =SUM(AM121) -> 0
A123: 북부 | B123: 계양구 | C123: 계양구 | D123: 공립 | E123: 인천계산초등학교 | F123: 32021 | G123: 계양구 경명대로 1005(계산2동 737) | H123: 13027 | I123: 21042 | J123: 541-4792 | K123: 453-9513 | L123: 549-3190 | M123: 2 | N123: 1 | O123: 2 | P123: 2 | Q123: 2 | R123: 2 | S123: 2 | T123: 0 | U123: =SUM(M123:T123) -> 13 | V123: 21 | W123: 9 | X123: 16 | Y123: 4 | Z123: 22 | AA123: 7 | AB123: 33 | AC123: 18 | AD123: 32 | AE123: 18 | AF123: 22 | AG123: 8 | AH123: =V123+X123+Z123+AB123+AD123+AF123 -> 146 | AI123: =W123+Y123+AA123+AC123+AE123+AG123 -> 64 | AJ123: 8 | AK123: 2 | AL123: 0 | AM123: 0
A124: 북부 | B124: 계양구 | C124: 계양구 | D124: 공립 | E124: 인천계양초등학교 | F124: 12026 | G124: 계양구 장제로 1288(장기동 134) | H124: 22161 | I124: 21007 | J124: 515-4647 | K124: 515-4647 | L124: 514-9056 | M124: 2 | N124: 2 | O124: 2 | P124: 2 | Q124: 2 | R124: 3 | S124: 1 | T124: 0 | U124: =SUM(M124:T124) -> 14 | V124: 38 | W124: 18 | X124: 44 | Y124: 19 | Z124: 44 | AA124: 15 | AB124: 42 | AC124: 23 | AD124: 39 | AE124: 18 | AF124: 61 | AG124: 36 | AH124: =V124+X124+Z124+AB124+AD124+AF124 -> 268 | AI124: =W124+Y124+AA124+AC124+AE124+AG124 -> 129 | AJ124: 5 | AK124: 1 | AL124: 0 | AM124: 0
A125: 북부 | B125: 계양구 | C125: 계양구 | D125: 공립 | E125: 인천계양초등학교상야분교 | F125: 22085 | G125: 계양구 벌말로 572-1(상야동 130-1번지) | H125: 2462 | I125: 21009 | J125: 544-5533 | K125: 544-5515 | L125: 554-5534 | M125: 0 | N125: 1 | O125: 0 | P125: 1 | Q125: 0 | R125: 1 | S125: 1 | T125: 0 | U125: =SUM(M125:T125) -> 4 | V125: 0 | W125: 0 | X125: 1 | Y125: 0 | Z125: 0 | AA125: 0 | AB125: 3 | AC125: 0 | AD125: 1 | AE125: 1 | AF125: 1 | AG125: 0 | AH125: =V125+X125+Z125+AB125+AD125+AF125 -> 6 | AI125: =W125+Y125+AA125+AC125+AE125+AG125 -> 1 | AJ125: 4 | AK125: 0 | AL125: 0 | AM125: 0 | AN125: 5~6학년 복식학급
A126: 북부 | B126: 계양구 | C126: 계양구 | D126: 공립 | E126: 인천귤현초등학교 | F126: 38412 | G126: 계양구 귤현길 15(귤현동 494번지) | H126: 11239 | I126: 21016 | J126: 511-7247 | K126: 511-7168 | L126: 511-7169 | M126: 3 | N126: 3 | O126: 3 | P126: 3 | Q126: 4 | R126: 5 | S126: 2 | T126: 0 | U126: =SUM(M126:T126) -> 23 | V126: 67 | W126: 32 | X126: 69 | Y126: 35 | Z126: 56 | AA126: 23 | AB126: 73 | AC126: 38 | AD126: 89 | AE126: 42 | AF126: 102 | AG126: 50 | AH126: =V126+X126+Z126+AB126+AD126+AF126 -> 456 | AI126: =W126+Y126+AA126+AC126+AE126+AG126 -> 220 | AJ126: 8 | AK126: 4 | AL126: 0 | AM126: 0
A127: 북부 | B127: 계양구 | C127: 계양구 | D127: 공립 | E127: 인천길주초등학교 | F127: 35855 | G127: 계양구 용종로 90(용종동 227-1) | H127: 10996.5 | I127: 21062 | J127: 553-2703 | K127: 553-2702 | L127: 553-2705 | M127: 3 | N127: 3 | O127: 3 | P127: 3 | Q127: 4 | R127: 3 | S127: 2 | T127: 0 | U127: =SUM(M127:T127) -> 21 | V127: 62 | W127: 28 | X127: 58 | Y127: 26 | Z127: 66 | AA127: 29 | AB127: 76 | AC127: 40 | AD127: 95 | AE127: 49 | AF127: 74 | AG127: 36 | AH127: =V127+X127+Z127+AB127+AD127+AF127 -> 431 | AI127: =W127+Y127+AA127+AC127+AE127+AG127 -> 208 | AJ127: 10 | AK127: 3 | AL127: 0 | AM127: 0
A128: 북부 | B128: 계양구 | C128: 계양구 | D128: 공립 | E128: 인천당산초등학교 | F128: 38880 | G128: 계양구 동양로 122(동양동 583번지) | H128: 11423 | I128: 21013 | J128: 515-3873 | K128: 515-3873 | L128: 515-4365 | M128: 3 | N128: 4 | O128: 4 | P128: 5 | Q128: 6 | R128: 5 | S128: 2 | T128: 0 | U128: =SUM(M128:T128) -> 29 | V128: 79 | W128: 31 | X128: 97 | Y128: 54 | Z128: 99 | AA128: 37 | AB128: 110 | AC128: 61 | AD128: 137 | AE128: 69 | AF128: 129 | AG128: 58 | AH128: =V128+X128+Z128+AB128+AD128+AF128 -> 651 | AI128: =W128+Y128+AA128+AC128+AE128+AG128 -> 310 | AJ128: 10 | AK128: 4 | AL128: 0 | AM128: 0
...

Sheet 중학교
A1: □ 중학교 현황
A2: ▶ 작성기준일: 2026. 4. 1.자
A3: 교육지원청 | B3: 구군별 | C3: 개편후 행정구역(2026.7.1.시행) | D3: 설립별 | E3: 남/여/공학 | F3: 학교명 | G3: 개교일자 | H3: 주소 | I3: 교지면적(㎡) | J3: 우편번호 | K3: 전화번호 (교무실) | L3: 전화번호 (행정실) | M3: 팩스번호 (대표) | N3: 학급수 | T3: 총 학생수 | AB3: 특수학급 학생수 | AD3: 한국어학급 학생수
T4: 1학년 | V4: 2학년 | X4: 3학년 | Z4: 합계
N5: 1학년 | O5: 2학년 | P5: 3학년 | Q5: 특수 | R5: 한국어 | S5: 계 | T5: 계 | U5: 여 | V5: 계 | W5: 여 | X5: 계 | Y5: 여 | Z5: 계 | AA5: 여 | AB5: 계 | AC5: 여 | AD5: 계 | AE5: 여
A6: 남부 | B6: 미추홀구 | C6: 미추홀구 | D6: 공립 | E6: 여 | F6: 관교여자중학교 | G6: 30742 | H6: 미추홀구 경원대로 691(관교동 512) | I6: 15853 | J6: 22232 | K6: 422-0073 | L6: 434-2763 | M6: 438-0277 | N6: 7 | O6: 10 | P6: 8 | Q6: 2 | S6: =SUM(N6:R6) -> 27 | T6: 173 | U6: 173 | V6: 231 | W6: 231 | X6: 188 | Y6: 188 | Z6: =T6+V6+X6 -> 592 | AA6: =U6+W6+Y6 -> 592 | AB6: 10 | AC6: 10 | AD6: 0 | AE6: 0
A7: 남부 | B7: 미추홀구 | C7: 미추홀구 | D7: 공립 | E7: 남 | F7: 관교중학교 | G7: 32933 | H7: 미추홀구 경원대로670번길 19(관교동 482) | I7: 15223 | J7: 22240 | K7: 435-0345 | L7: 435-0346 | M7: 431-5259 | N7: 9 | O7: 10 | P7: 10 | Q7: 4 | S7: =SUM(N7:R7) -> 33 | T7: 239 | U7: 0 | V7: 283 | W7: 0 | X7: 300 | Y7: 0 | Z7: =T7+V7+X7 -> 822 | AA7: =U7+W7+Y7 -> 0 | AB7: 22 | AC7: 0 | AD7: 0 | AE7: 0
A8: 남부 | B8: 미추홀구 | C8: 미추홀구 | D8: 공립 | E8: 여 | F8: 남인천여자중학교 | G8: 16539 | H8: 미추홀구 인하로 426(관교동 335-19) | I8: 14659 | J8: 22240 | K8: 629-2469 | L8: 629-2469 | M8: 425-1827 | N8: 8 | O8: 9 | P8: 8 | Q8: 2 | R8: 0 | S8: =SUM(N8:R8) -> 27 | T8: 184 | U8: 184 | V8: 221 | W8: 221 | X8: 235 | Y8: 235 | Z8: =T8+V8+X8 -> 640 | AA8: =U8+W8+Y8 -> 640 | AB8: 7 | AC8: 7 | AD8: 0 | AE8: 0
A9: 남부 | B9: 미추홀구 | C9: 미추홀구 | D9: 공립 | E9: 남 | F9: 선인중학교 | G9: 17460 | H9: 미추홀구 석정로 165(도화동 193-12) | I9: 72821 | J9: 22100 | K9: 764-4311 | L9: 765-3158 | M9: 772-9627 | N9: 3 | O9: 4 | P9: 5 | Q9: 3 | S9: =SUM(N9:R9) -> 15 | T9: 73 | U9: 0 | V9: 94 | W9: 0 | X9: 85 | Y9: 0 | Z9: =T9+V9+X9 -> 252 | AA9: =U9+W9+Y9 -> 0 | AB9: 14 | AC9: 0 | AD9: 0 | AE9: 0
A10: 남부 | B10: 미추홀구 | C10: 미추홀구 | D10: 공립 | E10: 여 | F10: 선화여자중학교 | G10: 25265 | H10: 미추홀구 석정로 165(도화동 193-12) | I10: 43914 | J10: 22100 | K10: 629-3065 | L10: 629-3073 | M10: 762-9117 | N10: 6 | O10: 6 | P10: 6 | Q10: 2 | R10: 0 | S10: =SUM(N10:R10) -> 20 | T10: 97 | U10: 97 | V10: 153 | W10: 153 | X10: 178 | Y10: 178 | Z10: =T10+V10+X10 -> 428 | AA10: =U10+W10+Y10 -> 428 | AB10: 11 | AC10: 11 | AD10: 0 | AE10: 0
A11: 남부 | B11: 미추홀구 | C11: 미추홀구 | D11: 공립 | E11: 여 | F11: 용현여자중학교 | G11: 31110 | H11: 미추홀구 낙섬동로 28(용현동 627-38) | I11: 15705 | J11: 22189 | K11: 884-8461 | L11: 884-8462 | M11: 885-4159 | N11: 8 | O11: 8 | P11: 8 | Q11: 1 | R11: 0 | S11: 25 | T11: 256 | U11: 256 | V11: 256 | W11: 256 | X11: 254 | Y11: 254 | Z11: 766 | AA11: 766 | AB11: 5 | AC11: 5 | AD11: 0 | AE11: 0
A12: 남부 | B12: 미추홀구 | C12: 미추홀구 | D12: 공립 | E12: 남 | F12: 용현중학교 | G12: 31476 | H12: 미추홀구 낙섬동로 16(용현동 627-435) | I12: 16218 | J12: 22189 | K12: 629-2694 | L12: 629-2716 | M12: 888-9877 | N12: 8 | O12: 8 | P12: 8 | Q12: 2 | S12: =SUM(N12:R12) -> 26 | T12: 252 | U12: 0 | V12: 256 | W12: 0 | X12: 251 | Y12: 0 | Z12: =T12+V12+X12 -> 759 | AA12: =U12+W12+Y12 -> 0 | AB12: 13 | AC12: 0 | AD12: 0 | AE12: 0
A13: 남부 | B13: 미추홀구 | C13: 미추홀구 | D13: 공립 | E13: 공학 | F13: 인주중학교 | G13: 38047 | H13: 미추홀구 매소홀로 335(학익동 430-51) | I13: 10000 | J13: 22202 | K13: 863-9314 | L13: 863-9313 | M13: 863-9316 | N13: 10 | O13: 10 | P13: 10 | Q13: 3 | S13: =SUM(N13:R13) -> 33 | T13: 318 | U13: 177 | V13: 320 | W13: 159 | X13: 321 | Y13: 159 | Z13: =T13+V13+X13 -> 959 | AA13: =U13+W13+Y13 -> 495 | AB13: 19 | AC13: 2 | AD13: 0 | AE13: 0
A14: 남부 | B14: 미추홀구 | C14: 미추홀구 | D14: 공립 | E14: 남 | F14: 인천남중학교 | G14: 17072 | H14: 미추홀구 수봉로 16-23(숭의동41-3) | I14: 26902 | J14: 22163 | K14: 882-0405 | L14: 882-2503 | M14: 887-8764 | N14: 6 | O14: 6 | P14: 6 | Q14: 3 | S14: =SUM(N14:R14) -> 21 | T14: 164 | U14: 0 | V14: 168 | W14: 0 | X14: 147 | Y14: 0 | Z14: =T14+V14+X14 -> 479 | AA14: =U14+W14+Y14 -> 0 | AB14: 23 | AC14: 0 | AD14: 0 | AE14: 0
A15: 남부 | B15: 미추홀구 | C15: 미추홀구 | D15: 공립 | E15: 여 | F15: 인화여자중학교 | G15: 23694 | H15: 미추홀구 석정로 165(도화동 193-12) | I15: 24009 | J15: 22100 | K15: 766-2015 | L15: 763-4851 | M15: 766-2016 | N15: 10 | O15: 10 | P15: 9 | Q15: 3 | S15: =SUM(N15:R15) -> 32 | T15: 307 | U15: 307 | V15: 319 | W15: 319 | X15: 281 | Y15: 281 | Z15: =T15+V15+X15 -> 907 | AA15: =U15+W15+Y15 -> 907 | AB15: 14 | AC15: 14 | AD15: 0 | AE15: 0
A16: 남부 | B16: 미추홀구 | C16: 미추홀구 | D16: 공립 | E16: 여 | F16: 제물포여자중학교 | G16: 29281 | H16: 미추홀구 인주대로470번길 20(주안동 1529) | I16: 24612 | J16: 22228 | K16: 629-2505 | L16: 629-2483 | M16: 422-2098 | N16: 4 | O16: 5 | P16: 5 | Q16: 3 | R16: 0 | S16: =SUM(N16:R16) -> 17 | T16: 86 | U16: 86 | V16: 137 | W16: 137 | X16: 134 | Y16: 134 | Z16: =T16+V16+X16 -> 357 | AA16: =U16+W16+Y16 -> 357 | AB16: 18 | AC16: 18 | AD16: 0 | AE16: 0
A17: 미추홀구 공립 계 | E17: =COUNTA(E6:E16) -> 11 | N17: =SUM(N6:N16) -> 79 | O17: =SUM(O6:O16) -> 86 | P17: =SUM(P6:P16) -> 83 | Q17: =SUM(Q6:Q16) -> 28 | R17: =SUM(R6:R16) -> 0 | S17: =SUM(S6:S16) -> 276 | T17: =SUM(T6:T16) -> 2149 | U17: =SUM(U6:U16) -> 1280 | ... AE17: =SUM(AE6:AE16) -> 0
A18: 남부 | B18: 미추홀구 | C18: 미추홀구 | D18: 사립 | E18: 남 | F18: 인하대학교사범대학부속중학교 | G18: 25265 | H18: 미추홀구 재넘이길123번길 29(학익동 306-30) | I18: 48526 | J18: 22211 | K18: 452-9902 | L18: 452-9901 | M18: 875-1341 | N18: 9 | O18: 9 | P18: 9 | Q18: 0 | R18: 0 | S18: =SUM(N18:R18) -> 27 | T18: 190 | U18: 0 | V18: 258 | W18: 0 | X18: 259 | Y18: 0 | Z18: =T18+V18+X18 -> 707 | AA18: =U18+W18+Y18 -> 0 | AB18: 0 | AC18: 0 | AD18: 0 | AE18: 0
A19: 미추홀구 사립 계 | E19: =COUNTA(E18) -> 1 | N19: =N18 -> 9 | O19: =O18 -> 9 | P19: =P18 -> 9 | Q19: =Q18 -> 0 | R19: =R18 -> 0 | S19: =S18 -> 27 | T19: =T18 -> 190 | U19: =U18 -> 0 | ... AE19: =AE18 -> 0
A20: 미추홀구 합계 | F20: =E17+E19 -> 12 | N20: =N17+N19 -> 88 | O20: =O17+O19 -> 95 | P20: =P17+P19 -> 92 | Q20: =Q17+Q19 -> 28 | R20: =R17+R19 -> 0 | S20: =S17+S19 -> 303 | T20: =T17+T19 -> 2339 | U20: =U17+U19 -> 1280 | ... AE20: =AE17+AE19 -> 0
A21: 남부 | B21: 동구 | C21: 제물포구 | D21: 공립 | E21: 공학 | F21: 화도진중학교 | G21: 33659 | H21: 동구 화수로 64(화수동 2-5) | I21: 11937 | J21: 22513 | K21: 761-4612 | L21: 761-4613 | M21: 761-3247 | N21: 5 | O21: 5 | P21: 5 | Q21: 4 | R21: 0 | S21: =SUM(N21:R21) -> 19 | T21: 111 | U21: 53 | V21: 115 | W21: 54 | X21: 110 | Y21: 57 | Z21: =T21+V21+X21 -> 336 | AA21: =U21+W21+Y21 -> 164 | AB21: 26 | AC21: 6 | AD21: 0 | AE21: 0
A22: 동구 공립 계 | E22: =COUNTA(E21) -> 1 | N22: =N21 -> 5 | O22: =O21 -> 5 | P22: =P21 -> 5 | Q22: =Q21 -> 4 | R22: =R21 -> 0 | S22: =S21 -> 19 | T22: =T21 -> 111 | U22: =U21 -> 53 | ... AE22: =AE21 -> 0
A23: 남부 | B23: 동구 | C23: 제물포구 | D23: 사립 | E23: 남 | F23: 동산중학교 | G23: 14075 | H23: 동구 동산로 58(송림동 97-1) | I23: 40143.3 | J23: 22559 | K23: 763-7829 | L23: 763-7829 | M23: 763-7837 | N23: 7 | O23: 7 | P23: 7 | Q23: 0 | R23: 0 | S23: =SUM(N23:R23) -> 21 | T23: 199 | U23: 0 | V23: 209 | W23: 0 | X23: 197 | Y23: 0 | Z23: =T23+V23+X23 -> 605 | AA23: =U23+W23+Y23 -> 0 | AB23: 0 | AC23: 0 | AD23: 0 | AE23: 0
A24: 남부 | B24: 동구 | C24: 제물포구 | D24: 사립 | E24: 남 | F24: 재능중학교 | G24: 23806 | H24: 동구 재능로 178(송림동 122-1) | I24: 6541 | J24: 22573 | K24: 627-6957 | L24: 627-6953 | M24: 627-6985 | N24: 4 | O24: 5 | P24: 5 | Q24: 0 | R24: 0 | S24: =SUM(N24:R24) -> 14 | T24: 56 | U24: 0 | V24: 92 | W24: 0 | X24: 92 | Y24: 0 | Z24: =T24+V24+X24 -> 240 | AA24: =U24+W24+Y24 -> 0 | AB24: 0 | AC24: 0 | AD24: 0 | AE24: 0
A25: 동구 사립 계 | E25: =COUNTA(E23:E24) -> 2 | N25: =SUM(N23:N24) -> 11 | O25: =SUM(O23:O24) -> 12 | P25: =SUM(P23:P24) -> 12 | Q25: =SUM(Q23:Q24) -> 0 | R25: =SUM(R23:R24) -> 0 | S25: =SUM(S23:S24) -> 35 | T25: =SUM(T23:T24) -> 255 | U25: =SUM(U23:U24) -> 0 | ... AE25: =SUM(AE23:AE24) -> 0
A26: 동구 합계 | F26: =E22+E25 -> 3 | N26: =N22+N25 -> 16 | O26: =O22+O25 -> 17 | P26: =P22+P25 -> 17 | Q26: =Q22+Q25 -> 4 | R26: =R22+R25 -> 0 | S26: =S22+S25 -> 54 | T26: =T22+T25 -> 366 | U26: =U22+U25 -> 53 | ... AE26: =AE22+AE25 -> 0
A27: 남부 | B27: 옹진군 | C27: 옹진군 | D27: 공립 | E27: 공학 | F27: 대청중학교 | G27: 28550 | H27: 옹진군 대청면 대청로 244번길 116-45(대청리 1143-2) | I27: 15070 | J27: 23105 | K27: 836-2013 | L27: 836-2013 | M27: 836-3013 | N27: 1 | O27: 1 | P27: 1 | Q27: 0 | R27: 0 | S27: =SUM(N27:R27) -> 3 | T27: 4 | U27: 2 | V27: 5 | W27: 2 | X27: 7 | Y27: 3 | Z27: =T27+V27+X27 -> 16 | AA27: =U27+W27+Y27 -> 7 | AB27: 0 | AC27: 0 | AD27: 0 | AE27: 0
A28: 남부 | B28: 옹진군 | C28: 옹진군 | D28: 공립 | E28: 공학 | F28: 덕적중학교 | G28: 20280 | H28: 옹진군 덕적면 덕적남로 15(진리 136) | I28: 18696 | J28: 23130 | K28: 832-9303 | L28: 832-9302 | M28: 832-9307 | N28: 1 | O28: 1 | P28: 1 | Q28: 0 | R28: 0 | S28: =SUM(N28:R28) -> 3 | T28: 2 | U28: 1 | V28: 3 | W28: 1 | X28: 4 | Y28: 0 | Z28: =T28+V28+X28 -> 9 | AA28: =U28+W28+Y28 -> 2 | AB28: 0 | AC28: 0 | AD28: 0 | AE28: 0
A29: 남부 | B29: 옹진군 | C29: 옹진군 | D29: 공립 | E29: 공학 | F29: 백령중학교 | G29: 20212 | H29: 옹진군 백령면 백령로 708(북포리 255) | I29: 19731 | J29: 23103 | K29: 836-0092 | L29: 836-0091 | M29: 836-2210 | N29: 2 | O29: 2 | P29: 2 | Q29: 1 | R29: 0 | S29: =SUM(N29:R29) -> 7 | T29: 13 | U29: 6 | V29: 23 | W29: 12 | X29: 25 | Y29: 11 | Z29: =T29+V29+X29 -> 61 | AA29: =U29+W29+Y29 -> 29 | AB29: 2 | AC29: 0 | AD29: 0 | AE29: 0
A30: 남부 | B30: 옹진군 | C30: 옹진군 | D30: 공립 | E30: 공학 | F30: 연평중학교 | G30: 17264 | H30: 옹진군 연평면 연평로137번길 101(연평리 437-1) | I30: 20121 | J30: 23108 | K30: 627-1819 | L30: 831-1654 | M30: 831-1655 | N30: 1 | O30: 1 | P30: 1 | Q30: 0 | R30: 0 | S30: =SUM(N30:R30) -> 3 | T30: 6 | U30: 3 | V30: 2 | W30: 2 | X30: 1 | Y30: 1 | Z30: =T30+V30+X30 -> 9 | AA30: =U30+W30+Y30 -> 6 | AB30: 0 | AC30: 0 | AD30: 0 | AE30: 0
A31: 남부 | B31: 옹진군 | C31: 옹진군 | D31: 공립 | E31: 공학 | F31: 영흥중학교 | G31: 23802 | H31: 옹진군 영흥면 내동로 107(내리 496-95) | I31: 16924 | J31: 23118 | K31: 886-0433 | L31: 880-0436 | M31: 886-0434 | N31: 2 | O31: 2 | P31: 2 | Q31: 1 | R31: 0 | S31: =SUM(N31:R31) -> 7 | T31: 33 | U31: 8 | V31: 31 | W31: 17 | X31: 40 | Y31: 18 | Z31: =T31+V31+X31 -> 104 | AA31: =U31+W31+Y31 -> 43 | AB31: 2 | AC31: 2 | AD31: 0 | AE31: 0
A32: 옹진군 공립 계 | E32: =COUNTA(E27:E31) -> 5 | N32: =SUM(N27:N31) -> 7 | O32: =SUM(O27:O31) -> 7 | P32: =SUM(P27:P31) -> 7 | Q32: =SUM(Q27:Q31) -> 2 | R32: =SUM(R27:R31) -> 0 | S32: =SUM(S27:S31) -> 23 | T32: =SUM(T27:T31) -> 58 | U32: =SUM(U27:U31) -> 20 | ... AE32: =SUM(AE27:AE31) -> 0
A33: 옹진군 합계 | F33: =E32 -> 5 | N33: =N32 -> 7 | O33: =O32 -> 7 | P33: =P32 -> 7 | Q33: =Q32 -> 2 | R33: =R32 -> 0 | S33: =S32 -> 23 | T33: =T32 -> 58 | U33: =U32 -> 20 | ... AE33: =AE32 -> 0
A34: 남부 | B34: 중구 | C34: 제물포구 | D34: 공립 | E34: 여 | F34: 신흥여자중학교 | G34: 30376 | H34: 중구 인항로 24번길 37(신흥동3가 7-210) | I34: 13274 | J34: 22333 | K34: 883-2922 | L34: 883-8478 | M34: 629-2597 | N34: 6 | O34: 6 | P34: 6 | Q34: 1 | R34: 0 | S34: =SUM(N34:R34) -> 19 | T34: 99 | U34: 99 | V34: 172 | W34: 172 | X34: 156 | Y34: 156 | Z34: =T34+V34+X34 -> 427 | AA34: =U34+W34+Y34 -> 427 | AB34: 7 | AC34: 7 | AD34: 0 | AE34: 0
A35: 남부 | B35: 중구 | C35: 제물포구 | D35: 공립 | E35: 남 | F35: 신흥중학교 | G35: 30575 | H35: 인항로24번길 38(신흥동3가 7-338) | I35: 21302 | J35: 22333 | K35: 629-2392 | L35: 629-2365 | M35: 629-2393 | N35: 5 | O35: 5 | P35: 6 | Q35: 3 | R35: 0 | S35: =SUM(N35:R35) -> 19 | T35: 117 | U35: 0 | V35: 123 | W35: 0 | X35: 132 | Y35: 0 | Z35: =T35+V35+X35 -> 372 | AA35: =U35+W35+Y35 -> 0 | AB35: 18 | AC35: 0 | AD35: 0 | AE35: 0
A36: 남부 | B36: 중구 | C36: 영종구 | D36: 공립 | E36: 공학 | F36: 영종중학교 | G36: 18419 | H36: 중구 남디로 92(운남동 1655-12) | I36: 15955 | J36: 22373 | K36: 746-0010 | L36: 629-2773 | M36: 746-0067 | N36: 10 | O36: 10 | P36: 9 | Q36: 1 | R36: 0 | S36: =SUM(N36:R36) -> 30 | T36: 300 | U36: 160 | V36: 300 | W36: 148 | X36: 304 | Y36: 143 | Z36: =T36+V36+X36 -> 904 | AA36: =U36+W36+Y36 -> 451 | AB36: 5 | AC36: 4 | AD36: 0 | AE36: 0
A37: 남부 | B37: 중구 | C37: 영종구 | D37: 공립 | E37: 공학 | F37: 용유중학교 | G37: 23817 | H37: 중구 남북로 87번길 4(남북동 584-2) | I37: 9710 | J37: 22384 | K37: 746-5823 | L37: 746-3027 | M37: 629-2824 | N37: 1 | O37: 1 | P37: 1 | Q37: 1 | R37: 0 | S37: =SUM(N37:R37) -> 4 | T37: 20 | U37: 9 | V37: 27 | W37: 8 | X37: 16 | Y37: 10 | Z37: =T37+V37+X37 -> 63 | AA37: =U37+W37+Y37 -> 27 | AB37: 6 | AC37: 2 | AD37: 0 | AE37: 0
A38: 남부 | B38: 중구 | C38: 영종구 | D38: 공립 | E38: 공학 | F38: 인천공항중학교 | G38: 37320 | H38: 중구 영종대로 27번길 49(운서동 2747-8) | I38: 12001 | J38: 22368 | K38: 746-3703 | L38: 746-3705 | M38: 746-3706 | N38: 8 | O38: 9 | P38: 9 | Q38: 4 | R38: 0 | S38: =SUM(N38:R38) -> 30 | T38: 180 | U38: 84 | V38: 233 | W38: 126 | X38: 263 | Y38: 118 | Z38: =T38+V38+X38 -> 676 | AA38: =U38+W38+Y38 -> 328 | AB38: 16 | AC38: 7 | AD38: 0 | AE38: 0
A39: 남부 | B39: 중구 | C39: 영종구 | D39: 공립 | E39: 공학 | F39: 인천중산중학교 | G39: 43525 | H39: 중구 두미포로 189(중산동 1914-2) | I39: 15575 | J39: 22393 | K39: 509-4900 | L39: 509-4919 | M39: 509-4930 | N39: 10 | O39: 10 | P39: 10 | Q39: 2 | R39: 0 | S39: =SUM(N39:R39) -> 32 | T39: 320 | U39: 160 | V39: 320 | W39: 160 | X39: 340 | Y39: 167 | Z39: =T39+V39+X39 -> 980 | AA39: =U39+W39+Y39 -> 487 | AB39: 7 | AC39: 4 | AD39: 0 | AE39: 0
A40: 남부 | B40: 중구 | C40: 영종구 | D40: 공립 | E40: 공학 | F40: 인천하늘중학교 | G40: 44256 | H40: 중구 찬들로 284번길 16(운남동 1737-2) | I40: 13651 | J40: 22389 | K40: 452-6100 | L40: 452-6104 | M40: 752-8365 | N40: 10 | O40: 10 | P40: 10 | Q40: 1 | R40: 0 | S40: =SUM(N40:R40) -> 31 | T40: 320 | U40: 160 | V40: 318 | W40: 164 | X40: 334 | Y40: 166 | Z40: =T40+V40+X40 -> 972 | AA40: =U40+W40+Y40 -> 490 | AB40: 6 | AC40: 2 | AD40: 0 | AE40: 0
A41: 남부 | B41: 중구 | C41: 영종구 | D41: 공립 | E41: 공학 | F41: 인천운서중학교 | G41: 45352 | H41: 중구 하늘초롱길 73(운서동 3083-23) | I41: 15082 | J41: 22361 | K41: 310-8710 | L41: 310-8707 | M41: 752-9868 | N41: 7 | O41: 9 | P41: 6 | Q41: 1 | R41: 0 | S41: =SUM(N41:R41) -> 23 | T41: 173 | U41: 91 | V41: 242 | W41: 110 | X41: 142 | Y41: 72 | Z41: =T41+V41+X41 -> 557 | AA41: =U41+W41+Y41 -> 273 | AB41: 5 | AC41: 2 | AD41: 0 | AE41: 0
A42: 중구 공립 계 | E42: =COUNTA(E34:E41) -> 8 | N42: =SUM(N34:N41) -> 57 | O42: =SUM(O34:O41) -> 60 | P42: =SUM(P34:P41) -> 57 | Q42: =SUM(Q34:Q41) -> 14 | R42: =SUM(R34:R41) -> 0 | S42: =SUM(S34:S41) -> 188 | T42: =SUM(T34:T41) -> 1529 | U42: =SUM(U34:U41) -> 763 | ... AE42: =SUM(AE34:AE41) -> 0
A43: 남부 | B43: 중구 | C43: 제물포구 | D43: 사립 | E43: 공학 | F43: 광성중학교 | G43: 20429 | H43: 중구 참외전로 244번길 47(도원동 12-73) | I43: 32305 | J43: 22327 | K43: 760-5260 | L43: 760-5298 | M43: 887-1062 | N43: 6 | O43: 6 | P43: 6 | Q43: 0 | R43: 0 | S43: =SUM(N43:R43) -> 18 | T43: 187 | U43: 70 | V43: 101 | W43: 0 | X43: 119 | Y43: 0 | Z43: =T43+V43+X43 -> 407 | AA43: =U43+W43+Y43 -> 70 | AB43: 0 | AC43: 0 | AD43: 0 | AE43: 0
A44: 남부 | B44: 중구 | C44: 제물포구 | D44: 사립 | E44: 남 | F44: 송도중학교 | G44: 2468 | H44: 중구 제물량로 123(답동 36) | I44: 9731 | J44: 22324 | K44: 772-9384 | L44: 772-9383 | M44: 764-1766 | N44: 4 | O44: 5 | P44: 4 | Q44: 0 | S44: =SUM(N44:R44) -> 13 | T44: 46 | U44: 0 | V44: 74 | W44: 0 | X44: 52 | Y44: 0 | Z44: =T44+V44+X44 -> 172 | AA44: =U44+W44+Y44 -> 0 | AB44: 0 | AC44: 0 | AD44: 0 | AE44: 0
A45: 남부 | B45: 중구 | C45: 제물포구 | D45: 사립 | E45: 여 | F45: 인성여자중학교 | G45: 19129 | H45: 중구 홍예문로 39(송학동2가 18-1) | I45: 10721 | J45: 22315 | K45: 762-8505 | L45: 762-8504 | M45: 762-8515 | N45: 4 | O45: 4 | P45: 4 | Q45: 0 | R45: 0 | S45: =SUM(N45:R45) -> 12 | T45: 69 | U45: 69 | V45: 117 | W45: 117 | X45: 103 | Y45: 103 | Z45: =T45+V45+X45 -> 289 | AA45: =U45+W45+Y45 -> 289 | AB45: 0 | AC45: 0 | AD45: 0 | AE45: 0
A46: 중구 사립 계 | E46: =COUNTA(E43:E45) -> 3 | N46: =SUM(N43:N45) -> 14 | O46: =SUM(O43:O45) -> 15 | P46: =SUM(P43:P45) -> 14 | Q46: =SUM(Q43:Q45) -> 0 | R46: =SUM(R43:R45) -> 0 | S46: =SUM(S43:S45) -> 43 | T46: =SUM(T43:T45) -> 302 | U46: =SUM(U43:U45) -> 139 | ... AE46: =SUM(AE43:AE45) -> 0
A47: 중구 합계 | F47: =E42+E46 -> 11 | N47: =N42+N46 -> 71 | O47: =O42+O46 -> 75 | P47: =P42+P46 -> 71 | Q47: =Q42+Q46 -> 14 | R47: =R42+R46 -> 0 | S47: =S42+S46 -> 231 | T47: =T42+T46 -> 1831 | U47: =U42+U46 -> 902 | ... AE47: =AE42+AE46 -> 0
A48: 북부 | B48: 부평구 | C48: 부평구 | D48: 공립 | E48: 공학 | F48: 갈산중학교 | G48: 34394 | H48: 부평구 주부토로 166(갈산동 372) | I48: 11921 | J48: 21336 | K48: 628-3986 | L48: 628-3986 | M48: 525-6549 | N48: 4 | O48: 5 | P48: 5 | Q48: 2 | R48: 0 | S48: =SUM(N48:R48) -> 16 | T48: 87 | U48: 48 | V48: 118 | W48: 62 | X48: 119 | Y48: 66 | Z48: =T48+V48+X48 -> 324 | AA48: =U48+W48+Y48 -> 176 | AB48: 12 | AC48: 6 | AD48: 0 | AE48: 0
A49: 북부 | B49: 부평구 | C49: 부평구 | D49: 공립 | E49: 공학 | F49: 구산중학교 | G49: 35490 | H49: 부평구 수변로 199(부개동 497-4) | I49: 11029 | J49: 21346 | K49: 361-9092 | L49: 361-9095 | M49: 361-1092 | N49: 9 | O49: 10 | P49: 9 | Q49: 1 | R49: 0 | S49: =SUM(N49:R49) -> 29 | T49: 216 | U49: 119 | V49: 264 | W49: 109 | X49: 271 | Y49: 134 | Z49: =T49+V49+X49 -> 751 | AA49: =U49+W49+Y49 -> 362 | AB49: 4 | AC49: 0 | AD49: 0 | AE49: 0
A50: 북부 | B50: 부평구 | C50: 부평구 | D50: 공립 | E50: 공학 | F50: 동암중학교 | G50: 31107 | H50: 부평구 동암산로43번길 12(십정동 589) | I50: 11882.7 | J50: 21436 | K50: 425-1759 | L50: 425-9676 | M50: 426-5515 | N50: 4 | O50: 5 | P50: 5 | Q50: 1 | R50: 0 | S50: =SUM(N50:R50) -> 15 | T50: 73 | U50: 34 | V50: 126 | W50: 52 | X50: 101 | Y50: 34 | Z50: =T50+V50+X50 -> 300 | AA50: =U50+W50+Y50 -> 120 | AB50: 6 | AC50: 2 | AD50: 0 | AE50: 0
A51: 북부 | B51: 부평구 | C51: 부평구 | D51: 공립 | E51: 공학 | F51: 부광중학교 | G51: 31475 | H51: 부평구 충선로 140(부개동 22-1) | I51: 15052 | J51: 21348 | K51: 516-5556 | L51: 511-6052 | M51: 505-3914 | N51: 7 | O51: 7 | P51: 7 | Q51: 1 | R51: 0 | S51: =SUM(N51:R51) -> 22 | T51: 205 | U51: 108 | V51: 198 | W51: 104 | X51: 206 | Y51: 99 | Z51: =T51+V51+X51 -> 609 | AA51: =U51+W51+Y51 -> 311 | AB51: 5 | AC51: 1 | AD51: 0 | AE51: 0
A52: 북부 | B52: 부평구 | C52: 부평구 | D52: 공립 | E52: 여 | F52: 부원여자중학교 | G52: 37316 | H52: 부평구 부영로 88(부평동 70-128) | I52: 11666 | J52: 21387 | K52: 526-3966 | L52: 526-3968 | M52: 361-8355 | N52: 10 | O52: 10 | P52: 10 | Q52: 1 | R52: 0 | S52: =SUM(N52:R52) -> 31 | T52: 320 | U52: 320 | V52: 317 | W52: 317 | X52: 294 | Y52: 294 | Z52: =T52+V52+X52 -> 931 | AA52: =U52+W52+Y52 -> 931 | AB52: 5 | AC52: 5 | AD52: 0 | AE52: 0
A53: 북부 | B53: 부평구 | C53: 부평구 | D53: 공립 | E53: 남 | F53: 부원중학교 | G53: 33298 | H53: 부평구 경원대로 1339(부평동 70-131) | I53: 12262 | J53: 21387 | K53: 505-2632 | L53: 505-2633 | M53: 505-2639 | N53: 8 | O53: 9 | P53: 9 | Q53: 2 | R53: 0 | S53: =SUM(N53:R53) -> 28 | T53: 189 | U53: 0 | V53: 263 | W53: 0 | X53: 249 | Y53: 0 | Z53: =T53+V53+X53 -> 701 | AA53: =U53+W53+Y53 -> 0 | AB53: 9 | AC53: 0 | AD53: 0 | AE53: 0
A54: 북부 | B54: 부평구 | C54: 부평구 | D54: 공립 | E54: 공학 | F54: 부일중학교 | G54: 33659 | H54: 부평구 영성로 3(삼산동 388-5) | I54: 12917.7 | J54: 21319 | K54: 628-3861 | L54: 628-3842 | M54: 528-2155 | N54: 4 | O54: 6 | P54: 6 | Q54: 2 | R54: 0 | S54: =SUM(N54:R54) -> 18 | T54: 87 | U54: 41 | V54: 111 | W54: 69 | X54: 145 | Y54: 72 | Z54: =T54+V54+X54 -> 343 | AA54: =U54+W54+Y54 -> 182 | AB54: 12 | AC54: 6 | AD54: 0 | AE54: 0
A55: 북부 | B55: 부평구 | C55: 부평구 | D55: 공립 | E55: 남 | F55: 부평동중학교 | G55: 25628 | H55: 부평구 수변로107번길 4(부개동 120-6) | I55: 23886 | J55: 21398 | K55: 529-2082 | L55: 529-2082 | M55: 505-1536 | N55: 5 | O55: 4 | P55: 5 | Q55: 2 | R55: 0 | S55: =SUM(N55:R55) -> 16 | T55: 107 | U55: 0 | V55: 90 | W55: 0 | X55: 107 | Y55: 0 | Z55: =T55+V55+X55 -> 304 | AA55: =U55+W55+Y55 -> 0 | AB55: 14 | AC55: 0 | AD55: 0 | AE55: 0
A56: 북부 | B56: 부평구 | C56: 부평구 | D56: 공립 | E56: 여 | F56: 부평서여자중학교 | G56: 28559 | H56: 부평구 경원대로 1213(십정동 186-519) | I56: 22425 | J56: 21375 | K56: 504-0412 | L56: 504-0413 | M56: 504-0419 | N56: 4 | O56: 5 | P56: 4 | Q56: 1 | R56: 0 | S56: =SUM(N56:R56) -> 14 | T56: 77 | U56: 77 | V56: 112 | W56: 112 | X56: 86 | Y56: 86 | Z56: =T56+V56+X56 -> 275 | AA56: =U56+W56+Y56 -> 275 | AB56: 6 | AC56: 6 | AD56: 0 | AE56: 0
A57: 북부 | B57: 부평구 | C57: 부평구 | D57: 공립 | E57: 남 | F57: 부평서중학교 | G57: 29281 | H57: 부평구 화랑로 29(산곡동 310-23) | I57: 62628 | J57: 21375 | K57: 628-3106 | L57: 628-3136 | M57: 628-3131 | N57: 4 | O57: 3 | P57: 4 | Q57: 2 | R57: 0 | S57: =SUM(N57:R57) -> 13 | T57: 73 | U57: 0 | V57: 53 | W57: 0 | X57: 90 | Y57: 0 | Z57: =T57+V57+X57 -> 216 | AA57: =U57+W57+Y57 -> 0 | AB57: 8 | AC57: 0 | AD57: 0 | AE57: 0
A58: 북부 | B58: 부평구 | C58: 부평구 | D58: 공립 | E58: 여 | F58: 부평여자중학교 | G58: 25629 | H58: 부평구 부평문화로 193-1(부개동 120-21) | I58: 18557 | J58: 21398 | K58: 515-5814 | L58: 515-5813 | M58: 516-8492 | N58: 5 | O58: 7 | P58: 4 | Q58: 2 | R58: 0 | S58: =SUM(N58:R58) -> 18 | T58: 124 | U58: 124 | V58: 188 | W58: 188 | X58: 110 | Y58: 110 | Z58: =T58+V58+X58 -> 422 | AA58: =U58+W58+Y58 -> 422 | AB58: 9 | AC58: 9 | AD58: 0 | AE58: 0
A59: 북부 | B59: 부평구 | C59: 부평구 | D59: 공립 | E59: 남 | F59: 부평중학교 | G59: 24898 | H59: 부평구 부흥북로57번길 10(부평동 136-33) | I59: 16976 | J59: 21356 | K59: 529-5132 | L59: 529-5133 | M59: 516-1540 | N59: 5 | O59: 5 | P59: 4 | Q59: 2 | R59: 0 | S59: =SUM(N59:R59) -> 16 | T59: 122 | U59: 0 | V59: 117 | W59: 0 | X59: 102 | Y59: 0 | Z59: =T59+V59+X59 -> 341 | AA59: =U59+W59+Y59 -> 0 | AB59: 8 | AC59: 0 | AD59: 0 | AE59: 0
... A68: 북부 | B68: 부평구 | C68: 부평구 | D68: 공립 | E68: 공학 | F68: 청천중학교 | G68: 31107 | H68: 부평구 마장로364번길 23(청천동 190-58) | I68: 12304 | J68: 21313 | K68: 516-9747 | L68: 503-3902 | M68: 504-5293 | N68: 6 | O68: 7 | P68: 7 | Q68: 2 | R68: 0 | S68: =SUM(N68:R68) -> 22 | T68: 152 | U68: 75 | V68: 180 | W68: 89 | X68: 192 | Y68: 79 | Z68: =T68+V68+X68 -> 524 | AA68: =U68+W68+Y68 -> 243 | AB68: 11 | AC68: 3 | AD68: 0 | AE68: 0
A69: 부평구 공립 계 | E69: =COUNTA(E48:E68) -> 21 | N69: =SUM(N48:N68) -> 135 | O69: =SUM(O48:O68) -> 145 | P69: =SUM(P48:P68) -> 142 | Q69: =SUM(Q48:Q68) -> 31 | R69: =SUM(R48:R68) -> 0 | S69: =SUM(S48:S68) -> 453 | T69: =SUM(T48:T68) -> 3420 | U69: =SUM(U48:U68) -> 1696 | ... AE69: =SUM(AE48:AE68) -> 0
A70: 부평구 합계 | F70: =E69 -> 21 | N70: =N69 -> 135 | O70: =O69 -> 145 | P70: =P69 -> 142 | Q70: =Q69 -> 31 | R70: =R69 -> 0 | S70: =S69 -> 453 | T70: =T69 -> 3420 | U70: =U69 -> 1696 | ... AE70: =AE69 -> 0
A71: 북부 | B71: 계양구 | C71: 계양구 | D71: 공립 | E71: 여 | F71: 계산여자중학교 | G71: 34389 | H71: 계양구 장제로755번길 16(계산동 292) | I71: 12162 | J71: 21083 | K71: 627-7365 | L71: 627-7355 | M71: 549-6277 | N71: 5 | O71: 6 | P71: 5 | Q71: 0 | R71: 0 | S71: =SUM(N71:R71) -> 16 | T71: 92 | U71: 92 | V71: 151 | W71: 151 | X71: 140 | Y71: 140 | Z71: =T71+V71+X71 -> 383 | AA71: =U71+W71+Y71 -> 383 | AB71: 0 | AC71: 0 | AD71: 0 | AE71: 0
A72: 북부 | B72: 계양구 | C72: 계양구 | D72: 공립 | E72: 남 | F72: 계산중학교 | G72: 33306 | H72: 계양구 도두리로 67-16(계산동 1085-4) | I72: 9751.16 | J72: 21071 | K72: 545-8563 | L72: 545-8562 | M72: 543-1917 | N72: 5 | O72: 6 | P72: 6 | Q72: 1 | R72: 0 | S72: =SUM(N72:R72) -> 18 | T72: 90 | U72: 0 | V72: 133 | W72: 0 | X72: 132 | Y72: 0 | Z72: =T72+V72+X72 -> 355 | AA72: =U72+W72+Y72 -> 0 | AB72: 2 | AC72: 0 | AD72: 0 | AE72: 0
A73: 북부 | B73: 계양구 | C73: 계양구 | D73: 공립 | E73: 공학 | F73: 계양중학교 | G73: 25628 | H73: 계양구 장제로1181번길 9(귤현동 430) | I73: 15049 | J73: 21015 | K73: 627-7199 | L73: 515-6500 | M73: 515-0039 | N73: 6 | O73: 6 | P73: 6 | Q73: 1 | R73: 0 | S73: =SUM(N73:R73) -> 19 | T73: 169 | U73: 95 | V73: 175 | W73: 84 | X73: 159 | Y73: 67 | Z73: =T73+V73+X73 -> 503 | AA73: =U73+W73+Y73 -> 246 | AB73: 5 | AC73: 2 | AD73: 0 | AE73: 0
A74: 북부 | B74: 계양구 | C74: 계양구 | D74: 공립 | E74: 공학 | F74: 명현중학교 | G74: 37263 | H74: 계양구 안남로554번길 26(효성동 20) | I74: 13099 | J74: 21096 | K74: 554-6832 | L74: 554-6834 | M74: 554-6835 | N74: 6 | O74: 6 | P74: 7 | Q74: 2 | R74: 0 | S74: =SUM(N74:R74) -> 21 | T74: 136 | U74: 89 | V74: 156 | W74: 80 | X74: 179 | Y74: 95 | Z74: =T74+V74+X74 -> 471 | AA74: =U74+W74+Y74 -> 264 | AB74: 12 | AC74: 3 | AD74: 0 | AE74: 0
A75: 북부 | B75: 계양구 | C75: 계양구 | D75: 공립 | E75: 여 | F75: 북인천여자중학교 | G75: 22016 | H75: 계양구 아나지로85번길 12(효성동 551) | I75: 16510 | J75: 21104 | K75: 548-1875 | L75: 547-0288 | M75: 552-5731 | N75: 5 | O75: 5 | P75: 5 | Q75: 1 | R75: 0 | S75: =SUM(N75:R75) -> 16 | T75: 110 | U75: 110 | V75: 135 | W75: 135 | X75: 142 | Y75: 142 | Z75: =T75+V75+X75 -> 387 | AA75: =U75+W75+Y75 -> 387 | AB75: 5 | AC75: 5 | AD75: 0 | AE75: 0
A76: 북부 | B76: 계양구 | C76: 계양구 | D76: 공립 | E76: 공학 | F76: 북인천중학교 | G76: 36224 | H76: 계양구 계산로22번길 6(계산동 765) | I76: 14342 | J76: 21043 | K76: 627-7583 | L76: 627-7596 | M76: 554-5564 | N76: 3 | O76: 3 | P76: 3 | Q76: 2 | R76: 0 | S76: =SUM(N76:R76) -> 11 | T76: 37 | U76: 15 | V76: 46 | W76: 16 | X76: 56 | Y76: 23 | Z76: =T76+V76+X76 -> 139 | AA76: =U76+W76+Y76 -> 54 | AB76: 7 | AC76: 3 | AD76: 0 | AE76: 0
A77: 북부 | B77: 계양구 | C77: 계양구 | D77: 공립 | E77: 공학 | F77: 서운중학교 | G77: 36951 | H77: 계양구 아나지로 467(서운동 55-146) | I77: 12552 | J77: 21074 | K77: 555-0562 | L77: 627-7636 | M77: 555-0565 | N77: 8 | O77: 8 | P77: 9 | Q77: 1 | R77: 0 | S77: =SUM(N77:R77) -> 26 | T77: 216 | U77: 97 | V77: 236 | W77: 132 | X77: 248 | Y77: 123 | Z77: =T77+V77+X77 -> 700 | AA77: =U77+W77+Y77 -> 352 | AB77: 6 | AC77: 3 | AD77: 0 | AE77: 0
A78: 북부 | B78: 계양구 | C78: 계양구 | D78: 공립 | E78: 공학 | F78: 인천계수중학교 | G78: 40238 | H78: 계양구 살라리로2번길 25(서운동 109-2) | I78: 12612 | J78: 21072 | K78: 628-9521 | L78: 628-9499 | M78: 555-0565 | N78: 10 | O78: 10 | P78: 9 | Q78: 1 | R78: 0 | S78: =SUM(N78:R78) -> 30 | T78: 311 | U78: 163 | V78: 306 | W78: 168 | X78: 254 | Y78: 156 | Z78: =T78+V78+X78 -> 871 | AA78: =U78+W78+Y78 -> 487 | AB78: 5 | AC78: 1 | AD78: 0 | AE78: 0
A79: 북부 | B79: 계양구 | C79: 계양구 | D79: 공립 | E79: 공학 | F79: 인천동양중학교 | G79: 39142 | H79: 계양구 당미길 56(동양동 587) | I79: 10593 | J79: 21011 | K79: 627-8138 | L79: 556-4650 | M79: 556-3883 | N79: 5 | O79: 6 | P79: 6 | Q79: 1 | R79: 0 | S79: =SUM(N79:R79) -> 18 | T79: 99 | U79: 45 | V79: 140 | W79: 64 | X79: 160 | Y79: 67 | Z79: =T79+V79+X79 -> 399 | AA79: =U79+W79+Y79 -> 176 | AB79: 5 | AC79: 1 | AD79: 0 | AE79: 0
A80: 북부 | B80: 계양구 | C80: 계양구 | D80: 공립 | E80: 공학 | F80: 인천안남중학교 | G80: 34394 | H80: 계양구 계산새로33번길 5(계산동 58-1) | I80: 11538 | J80: 21058 | K80: 549-4784 | L80: 549-4784 | M80: 549-5334 | N80: 4 | O80: 4 | P80: 4 | Q80: 3 | R80: 0 | S80: =SUM(N80:R80) -> 15 | T80: 70 | U80: 34 | V80: 68 | W80: 23 | X80: 94 | Y80: 36 | Z80: =T80+V80+X80 -> 232 | AA80: =U80+W80+Y80 -> 93 | AB80: 14 | AC80: 4 | AD80: 0 | AE80: 0
A81: 북부 | B81: 계양구 | C81: 계양구 | D81: 공립 | E81: 공학 | F81: 인천양촌중학교 | G81: 39142 | H81: 계양구 장제로948번길 13(병방동 12) | I81: 10521 | J81: 21028 | K81: 555-9540 | L81: 555-9540 | M81: 555-9549 | N81: 3 | O81: 3 | P81: 3 | Q81: 1 | R81: 0 | S81: =SUM(N81:R81) -> 10 | T81: 31 | U81: 11 | V81: 46 | W81: 24 | X81: 42 | Y81: 21 | Z81: =T81+V81+X81 -> 119 | AA81: =U81+W81+Y81 -> 56 | AB81: 6 | AC81: 3 | AD81: 0 | AE81: 0
A82: 북부 | B82: 계양구 | C82: 계양구 | D82: 공립 | E82: 공학 | F82: 인천예일중학교 | G82: 38047 | H82: 계양구 장제로995번길 39(방축동 27-8) | I82: 12636 | J82: 21021 | K82: 556-4102 | L82: 556-4102 | M82: 556-4105 | N82: 3 | O82: 3 | P82: 4 | Q82: 1 | R82: 0 | S82: =SUM(N82:R82) -> 11 | T82: 67 | U82: 32 | V82: 57 | W82: 26 | X82: 83 | Y82: 49 | Z82: =T82+V82+X82 -> 207 | AA82: =U82+W82+Y82 -> 107 | AB82: 4 | AC82: 2 | AD82: 0 | AE82: 0
... A85: 북부 | B85: 계양구 | C85: 계양구 | D85: 공립 | E85: 공학 | F85: 작전중학교 | G85: 38047 | H85: 계양구 주부토로448번길 16(작전동 85) | I85: 11097 | J85: 21085 | K85: 556-1844 | L85: 556-1845 | M85: 556-1848 | N85: 5 | O85: 4 | P85: 5 | Q85: 2 | R85: 0 | S85: =SUM(N85:R85) -> 16 | T85: 112 | U85: 35 | V85: 99 | W85: 27 | X85: 130 | Y85: 65 | Z85: =T85+V85+X85 -> 341 | AA85: =U85+W85+Y85 -> 127 | AB85: 12 | AC85: 2 | AD85: 0 | AE85: 0
A86: 계양구 공립 계 | E86: =COUNTA(E71:E85) -> 15 | N86: =SUM(N71:N85) -> 77 | O86: =SUM(O71:O85) -> 80 | P86: =SUM(P71:P85) -> 82 | Q86: =SUM(Q71:Q85) -> 19 | R86: =SUM(R71:R85) -> 0 | S86: =SUM(S71:S85) -> 258 | T86: =SUM(T71:T85) -> 1763 | U86: =SUM(U71:U85) -> 849 | ... AE86: =SUM(AE71:AE85) -> 0
A87: 계양구 합계 | F87: =E86 -> 15 | N87: =N86 -> 77 | O87: =O86 -> 80 | P87: =P86 -> 82 | Q87: =Q86 -> 19 | R87: =R86 -> 0 | S87: =S86 -> 258 | T87: =T86 -> 1763 | U87: =U86 -> 849 | ... AE87: =AE86 -> 0
A88: 동부 | B88: 남동구 | C88: 남동구 | D88: 공립 | E88: 여 | F88: 간석여자중학교 | G88: 30742 | H88: 남동구 간석로25번길 13(간석동 80-1) | I88: 11138 | J88: 21510 | K88: 429-5969 | L88: 629-7620 | M88: 629-7666 | N88: 4 | O88: 4 | P88: 4 | Q88: 1 | S88: 13 | T88: 63 | U88: 63 | V88: 81 | W88: 81 | X88: 117 | Y88: 117 | Z88: 261 | AA88: 261 | AB88: 6 | AC88: 6
A89: 동부 | B89: 남동구 | C89: 남동구 | D89: 공립 | E89: 여 | F89: 구월여자중학교 | G89: 32933 | H89: 남동구 성말로13번길 78(구월동 1409-1) | I89: 11227.2 | J89: 21570 | K89: 433-4005 | L89: 433-4004 | M89: 435-0467 | N89: 9 | O89: 9 | P89: 8 | Q89: 1 | S89: 27 | T89: 257 | U89: 257 | V89: 284 | W89: 284 | X89: 235 | Y89: 235 | Z89: 776 | AA89: 776 | AB89: 9 | AC89: 9
A90: 동부 | B90: 남동구 | C90: 남동구 | D90: 공립 | E90: 남 | F90: 구월중학교 | G90: 29646 | H90: 남동구 남동대로 814(구월동 22) | I90: 13884 | J90: 21561 | K90: 460-6502 | L90: 460-6515 | M90: 467-5913 | N90: 10 | O90: 11 | P90: 11 | Q90: 2 | S90: 34 | T90: 298 | V90: 354 | X90: 347 | Z90: 999 | AA90: 0 | AB90: 12
A91: 동부 | B91: 남동구 | C91: 남동구 | D91: 공립 | E91: 공학 | F91: 남동중학교 | G91: 33664 | H91: 남동구 담방로7(만수6동 1047번지) | I91: 11075 | J91: 21596 | K91: 462-0120 | L91: 462-0120 | M91: 468-5326 | N91: 8 | O91: 10 | P91: 10 | Q91: 2 | S91: 30 | T91: 202 | U91: 93 | V91: 282 | W91: 144 | X91: 269 | Y91: 128 | Z91: 753 | AA91: 365 | AB91: 8 | AC91: 1
A92: 동부 | B92: 남동구 | C92: 남동구 | D92: 공립 | E92: 공학 | F92: 논곡중학교 | G92: 36951 | H92: 남동구 논곡로 84(논현동 553-21) | I92: 10455.6 | J92: 21636 | K92: 629-8552 | L92: 629-8496 | M92: 629-8558 | N92: 4 | O92: 4 | P92: 5 | Q92: 2 | R92: 1 | S92: 16 | T92: 102 | U92: 43 | V92: 106 | W92: 49 | X92: 122 | Y92: 46 | Z92: 330 | AA92: 138 | AB92: 8 | AD92: 12 | AE92: 3
A93: 동부 | B93: 남동구 | C93: 남동구 | D93: 공립 | E93: 남 | F93: 동인천중학교 | G93: 18870 | H93: 남동구 구월남로 57번길 12(구월동 1089-1) | I93: 23297 | J93: 21553 | K93: 422-3744 | L93: 422-3743 | M93: 629-7405 | N93: 6 | O93: 6 | P93: 6 | Q93: 3 | S93: 21 | T93: 167 | V93: 160 | X93: 152 | Z93: 479 | AA93: 0 | AB93: 13
A94: 동부 | B94: 남동구 | C94: 남동구 | D94: 공립 | E94: 공학 | F94: 만성중학교 | G94: 34394 | H94: 남동구 인주대로 899(만수동 1005-6) | I94: 16232 | J94: 21541 | K94: 468-8016 | L94: 468-8024 | M94: 629-8091 | N94: 6 | O94: 6 | P94: 6 | Q94: 2 | S94: 20 | T94: 83 | U94: 45 | V94: 130 | W94: 69 | X94: 121 | Y94: 59 | Z94: 334 | AA94: 173 | AB94: 8 | AC94: 2
A95: 동부 | B95: 남동구 | C95: 남동구 | D95: 공립 | E95: 남 | F95: 만수북중학교 | G95: 31840 | H95: 남동구 만수서로 117(만수동 10) | I95: 15125 | J95: 21522 | K95: 472-3122 | L95: 472-3126 | M95: 472-3127 | N95: 6 | O95: 6 | P95: 7 | Q95: 2 | S95: 21 | T95: 128 | V95: 177 | X95: 169 | Z95: 474 | AA95: 0 | AB95: 10
A96: 동부 | B96: 남동구 | C96: 남동구 | D96: 공립 | E96: 여 | F96: 만수여자중학교 | G96: 31837 | H96: 남동구 만수로 50번길 22-36(만수동 27번지) | I96: 12270 | J96: 21525 | K96: 629-8758 | L96: 629-8735 | M96: 467-2262 | N96: 7 | O96: 7 | P96: 7 | Q96: 2 | S96: 23 | T96: 159 | U96: 159 | V96: 154 | W96: 154 | X96: 165 | Y96: 165 | Z96: 478 | AA96: 478 | AB96: 8 | AC96: 8
A97: 동부 | B97: 남동구 | C97: 남동구 | D97: 공립 | E97: 남 | F97: 만수중학교 | G97: 30742 | H97: 남동구 인수로 13(만수동 48번지) | I97: 13438 | J97: 21528 | K97: 467-1833 | L97: 629-7485 | M97: 467-1837 | N97: 4 | O97: 3 | P97: 3 | Q97: 1 | S97: 11 | T97: 68 | V97: 68 | X97: 49 | Z97: 185 | AA97: 0 | AB97: 8
A98: 동부 | B98: 남동구 | C98: 남동구 | D98: 공립 | E98: 공학 | F98: 만월중학교 | G98: 33664 | H98: 남동구 서창남순환로 22(서창동 658) | I98: 12313 | J98: 21610 | K98: 457-4631 | L98: 457-4608 | M98: 457-4602 | N98: 11 | O98: 10 | P98: 10 | Q98: 1 | S98: 32 | T98: 352 | U98: 166 | V98: 337 | W98: 164 | X98: 325 | Y98: 155 | Z98: 1014 | AA98: 485 | AB98: 7 | AC98: 1
A99: 동부 | B99: 남동구 | C99: 남동구 | D99: 공립 | E99: 여 | F99: 상인천여자중학교 | G99: 22377 | H99: 남동구 문화로169번길 30(간석동 505-11) | I99: 10340 | J99: 21553 | K99: 437-9711 | L99: 428-6606 | M99: 437-9714 | N99: 6 | O99: 6 | P99: 6 | S99: 18 | T99: 143 | U99: 143 | V99: 138 | W99: 138 | X99: 181 | Y99: 181 | Z99: 462 | AA99: 462
A100: 동부 | B100: 남동구 | C100: 남동구 | D100: 공립 | E100: 남 | F100: 상인천중학교 | G100: 22012 | H100: 남동구 백범로 297번길 21(간석동 11-1) | I100: 22058.2 | J100: 21546 | K100: 422-0952 | L100: 422-0951 | M100: 629-7479 | N100: 6 | O100: 6 | P100: 6 | Q100: 2 | S100: 20 | T100: 180 | V100: 188 | X100: 150 | Z100: 518 | AA100: 0 | AB100: 10
A101: 동부 | B101: 남동구 | C101: 남동구 | D101: 공립 | E101: 공학 | F101: 석정중학교 | G101: 38412 | H101: 남동구 방축로469번길 1(간석동 614) | I101: 9834 | J101: 21503 | K101: 425-0780 | L101: 629-8634 | M101: 425-0782 | N101: 7 | O101: 6 | P101: 7 | Q101: 2 | S101: 22 | T101: 193 | U101: 98 | V101: 176 | W101: 77 | X101: 181 | Y101: 75 | Z101: 550 | AA101: 250 | AB101: 8 | AC101: 1
A102: 동부 | B102: 남동구 | C102: 남동구 | D102: 공립 | E102: 공학 | F102: 인천고잔중학교 | G102: 40238 | H102: 남동구 논고개로 20(논현동 755-3) | I102: 11201 | J102: 21676 | K102: 438-1380 | L102: 434-4701 | M102: 434-4703 | N102: 8 | O102: 9 | P102: 8 | Q102: 1 | S102: 26 | T102: 240 | U102: 116 | V102: 284 | W102: 143 | X102: 254 | Y102: 130 | Z102: 778 | AA102: 389 | AB102: 7 | AC102: 3
A103: 동부 | B103: 남동구 | C103: 남동구 | D103: 공립 | E103: 공학 | F103: 인천논현중학교 | G103: 38777 | H103: 남동구 포구로 118(논현동 600-3) | I103: 11036 | J103: 21662 | K103: 446-7910 | L103: 446-7910 | M103: 446-7915 | N103: 10 | O103: 12 | P103: 11 | Q103: 2 | S103: 35 | T103: 298 | U103: 152 | V103: 370 | W103: 192 | X103: 348 | Y103: 174 | Z103: 1016 | AA103: 518 | AB103: 8 | AC103: 4
A104: 동부 | B104: 남동구 | C104: 남동구 | D104: 공립 | E104: 공학 | F104: 인천동방중학교 | G104: 39508 | H104: 남동구 논현역로 41(논현동 633-7) | I104: 11298 | J104: 21651 | K104: 429-2922 | L104: 429-2832 | M104: 429-2833 | N104: 10 | O104: 11 | P104: 10 | Q104: 2 | S104: 33 | T104: 251 | U104: 122 | V104: 281 | W104: 139 | X104: 297 | Y104: 140 | Z104: 829 | AA104: 401 | AB104: 12 | AC104: 5
A105: 동부 | B105: 남동구 | C105: 남동구 | D105: 공립 | E105: 공학 | F105: 인천사리울중학교 | G105: 40603 | H105: 남동구 에코중앙로 84번길 12(논현동 765-2) | I105: 11462 | J105: 21683 | K105: 435-1636 | L105: 435-1635 | M105: 435-1639 | N105: 8 | O105: 8 | P105: 8 | S105: 24 | T105: 238 | U105: 129 | V105: 249 | W105: 117 | X105: 253 | Y105: 120 | Z105: 740 | AA105: 366
A106: 동부 | B106: 남동구 | C106: 남동구 | D106: 공립 | E106: 공학 | F106: 인천서창중학교 | G106: 39873 | H106: 남동구 독곡로60번길 16(서창동 543-7) | I106: 10756.2 | J106: 21604 | K106: 473-0338 | L106: 473-0340 | M106: 473-0339 | N106: 8 | O106: 8 | P106: 8 | Q106: 1 | S106: 25 | T106: 256 | U106: 128 | V106: 268 | W106: 133 | X106: 265 | Y106: 128 | Z106: 789 | AA106: 389 | AB106: 7 | AC106: 2
A107: 동부 | B107: 남동구 | C107: 남동구 | D107: 공립 | E107: 공학 | F107: 인천성리중학교 | G107: 38777 | H107: 남동구 성리로 26(구월동 1488) | I107: 11948 | J107: 21581 | K107: 469-3924 | L107: 469-3925 | M107: 469-3930 | N107: 9 | O107: 9 | P107: 9 | Q107: 2 | S107: 29 | T107: 243 | U107: 111 | V107: 281 | W107: 116 | X107: 269 | Y107: 131 | Z107: 793 | AA107: 358 | AB107: 11 | AC107: 1
A108: 동부 | B108: 남동구 | C108: 남동구 | D108: 공립 | E108: 공학 | F108: 인천정각중학교 | G108: 39508 | H108: 남동구 구월로 240(구월동 24-4) | I108: 11221 | J108: 21562 | K108: 770-1730 | L108: 770-1700 | M108: 770-1710 | N108: 8 | O108: 8 | P108: 8 | Q108: 2 | S108: 26 | T108: 256 | U108: 135 | V108: 262 | W108: 143 | X108: 262 | Y108: 145 | Z108: 780 | AA108: 423 | AB108: 11 | AC108: 5
A109: 남동구 공립 계 | E109: =COUNTA(E88:E108) -> 21 | N109: =SUM(N88:N108) -> 155 | O109: =SUM(O88:O108) -> 159 | P109: =SUM(P88:P108) -> 158 | Q109: =SUM(Q88:Q108) -> 33 | R109: =SUM(R88:R108) -> 1 | S109: =SUM(S88:S108) -> 506 | T109: =SUM(T88:T108) -> 4177 | U109: =SUM(U88:U108) -> 1960 | ... AE109: =SUM(AE88:AE108) -> 3
A110: 동부 | B110: 남동구 | C110: 남동구 | D110: 사립 | E110: 여 | F110: 숭덕여자중학교 | G110: 24257 | H110: 남동구 만수로73번길 20-23(만수동 5-213) | I110: 15789 | J110: 21521 | K110: 463-7436 | L110: 462-5197 | M110: 463-3825 | N110: 4 | O110: 4 | P110: 4 | S110: =SUM(N110:R110) -> 12 | T110: 100 | U110: 100 | V110: 125 | W110: 125 | X110: 116 | Y110: 116 | Z110: =T110+V110+X110 -> 341 | AA110: =U110+W110+Y110 -> 341
...

Sheet 고등학교
A1: □ 고등학교 현황
A2: ▶ 작성기준일: 2026. 4. 1.자
A3: 계열별 | B3: 구군별 | C3: 개편후 행정구역(2026.7.1.시행) | D3: 설립별 | E3: 남/여/공학 | F3: 학교명 | G3: 개교일자 | H3: 주소 | I3: 교지면적(㎡) | J3: 우편번호 | K3: 전화번호 (교무실) | L3: 전화번호 (행정실) | M3: 팩스번호 (대표) | N3: 학급수 | T3: 총 학생수 | AB3: 특수학급 학생수 | AD3: 한국어학급 학생수 | AF3: 비고
T4: 1학년 | V4: 2학년 | X4: 3학년 | Z4: 합계
N5: 1학년 | O5: 2학년 | P5: 3학년 | Q5: 특수 | R5: 한국어 | S5: 계 | T5: 계 | U5: 여 | V5: 계 | W5: 여 | X5: 계 | Y5: 여 | Z5: 계 | AA5: 여 | AB5: 계 | AC5: 여 | AD5: 계 | AE5: 여
A6: 일반 | B6: 미추홀구 | C6: 미추홀구 | D6: 공립 | E6: 남 | F6: 선인고등학교 | G6: 19910 | H6: 미추홀구 석정로 165(도화동 206-1) | I6: 23510.7 | J6: 22100 | K6: 627-2642 | L6: 761-6121 | M6: 765-1577 | N6: 7 | O6: 7 | P6: 7 | Q6: 3 | S6: =SUM(N6:R6) -> 24 | T6: 157 | V6: 166 | X6: 159 | Z6: =T6+V6+X6 -> 482 | AA6: =U6+W6+Y6 -> 0 | AB6: 21
A7: 일반 | B7: 미추홀구 | C7: 미추홀구 | D7: 공립 | E7: 남 | F7: 인천고등학교 | G7: 1895-06-27 | H7: 미추홀구 경원대로 804(주안동 1555) | I7: 36180 | J7: 22147 | K7: 451-0620 | L7: 451-0610 | M7: 429-6422 | N7: 11 | O7: 10 | P7: 10 | Q7: 2 | S7: 33 | T7: 253 | V7: 227 | X7: 218 | Z7: 698 | AA7: 0 | AB7: 14
A8: 일반 | B8: 미추홀구 | C8: 미추홀구 | D8: 공립 | E8: 여 | F8: 인화여자고등학교 | G8: 23716 | H8: 미추홀구 석정로 165(도화동 241번지) | I8: 36275 | J8: 22100 | K8: 764-6552 | L8: 765-0621 | M8: 773-6044 | N8: 8 | O8: 7 | P8: 7 | Q8: 3 | S8: =SUM(N8:R8) -> 25 | T8: 211 | U8: 211 | V8: 174 | W8: 174 | X8: 177 | Y8: 177 | Z8: =T8+V8+X8 -> 562 | AA8: =U8+W8+Y8 -> 562 | AB8: 21 | AC8: 21
A9: 일반 | B9: 미추홀구 | C9: 미추홀구 | D9: 공립 | E9: 남 | F9: 학익고등학교 | G9: 35125 | H9: 미추홀구 한나루로 358번길 23-22(미추홀구 학익동 688-1) | I9: 12000 | J9: 22225 | K9: 868-4143 | L9: 627-3882 | M9: 875-2716 | N9: 8 | O9: 7 | P9: 7 | Q9: 3 | S9: =SUM(N9:R9) -> 25 | T9: 173 | V9: 159 | X9: 153 | Z9: =T9+V9+X9 -> 485 | AA9: =U9+W9+Y9 -> 0 | AB9: 17
A10: 일반 | B10: 미추홀구 | C10: 미추홀구 | D10: 공립 | E10: 여 | F10: 학익여자고등학교 | G10: 35125 | H10: 미추홀구 주승로 52번길 8(학익동 646번지) | I10: 13343 | J10: 22222 | K10: 712-5600 | L10: 712-5604 | M10: 868-8901 | N10: 12 | O10: 11 | P10: 12 | Q10: 2 | S10: =SUM(N10:R10) -> 37 | T10: 310 | U10: 310 | V10: =W10 -> 282 | W10: 282 | X10: =Y10 -> 318 | Y10: 318 | Z10: =T10+V10+X10 -> 910 | AA10: =U10+W10+Y10 -> 910 | AB10: 13 | AC10: 13
A11: 일반 계 | D11: =COUNTA(D6:D10) -> 5 | N11: =SUM(N6:N10) -> 46 | O11: =SUM(O6:O10) -> 42 | P11: =SUM(P6:P10) -> 43 | Q11: =SUM(Q6:Q10) -> 13 | R11: =SUM(R6:R10) -> 0 | S11: =SUM(S6:S10) -> 144 | T11: =SUM(T6:T10) -> 1104 | U11: =SUM(U6:U10) -> 521 | ... AE11: =SUM(AE6:AE10) -> 0
A12: 특성화 | B12: 미추홀구 | C12: 남동구 | D12: 공립 | E12: 공학 | F12: 문학정보고등학교 | G12: 35490 | H12: 미추홀구 소성로 350번길 29(미추홀구 문학동 394-4번지) | I12: 11319 | J12: 22238 | K12: 627-0774 | L12: 627-0805 | M12: 627-0778 | N12: 8 | O12: 8 | P12: 8 | Q12: 1 | R12: 0 | S12: =SUM(N12:R12) -> 25 | T12: 170 | U12: 59 | V12: 138 | W12: 58 | X12: 147 | Y12: 71 | Z12: =T12+V12+X12 -> 455 | AA12: =U12+W12+Y12 -> 188 | AB12: 9 | AC12: 1
A13: 특성화 | B13: 미추홀구 | C13: 미추홀구 | D13: 공립 | E13: 남 | F13: 인천기계공업고등학교 | G13: 14741 | H13: 인천광역시 미추홀구 한나루로 545(주안동638-1) | I13: 45777 | J13: 22152 | K13: 860-0122 | L13: 860-0101 | M13: 627-9056 | N13: 13 | O13: 13 | P13: 13 | Q13: 2 | S13: =SUM(N13:R13) -> 41 | T13: 277 | V13: 247 | X13: 248 | Z13: =T13+V13+X13 -> 772 | AA13: =U13+W13+Y13 -> 0 | AB13: 16
A14: 특성화 | B14: 미추홀구 | C14: 미추홀구 | D14: 공립 | E14: 공학 | F14: 인천대중예술고등학교 | G14: 26360 | H14: 미추홀구 석정로 165(도화동 20-6) | I14: 31971 | J14: 22100 | K14: 764-7031 | L14: 766-5465 | M14: 764-7032 | N14: 7 | O14: 7 | P14: 7 | S14: =SUM(N14:R14) -> 21 | T14: 140 | U14: 81 | V14: 123 | W14: 56 | X14: 121 | Y14: 61 | Z14: =T14+V14+X14 -> 384 | AA14: =U14+W14+Y14 -> 198
A15: 특성화 | B15: 미추홀구 | C15: 미추홀구 | D15: 공립 | E15: 여 | F15: 인천비즈니스고등학교 | G15: 25632 | H15: 미추홀구 장고개로31(도화동 1010번지) | I15: 15269.4 | J15: 22115 | K15: 763-3037 | L15: 627-0564 | M15: 627-0564 | N15: 8 | O15: 8 | P15: 8 | Q15: 0 | R15: 0 | S15: =SUM(N15:R15) -> 24 | T15: 157 | U15: 157 | V15: 130 | W15: 130 | X15: 134 | Y15: 134 | Z15: =T15+V15+X15 -> 421 | AA15: =U15+W15+Y15 -> 421 | AB15: 0 | AC15: 0 | AD15: 0 | AE15: 0
A16: 특성화 | B16: 미추홀구 | C16: 미추홀구 | D16: 공립 | E16: 공학 | F16: 인천소방고등학교 | G16: 28550 | H16: 미추홀구 석정로 165(도화동 193-6) | I16: 72821 | J16: 22100 | K16: 760-0106 | L16: 760-0107 | M16: 760-0123 | N16: 10 | O16: 10 | P16: 10 | S16: =SUM(N16:R16) -> 30 | T16: 194 | U16: 52 | V16: 126 | W16: 34 | X16: 125 | Y16: 20 | Z16: =T16+V16+X16 -> 445 | AA16: =U16+W16+Y16 -> 106
A17: 특성화 계 | D17: =COUNTA(D12:D16) -> 5 | N17: =SUM(N12:N16) -> 46 | O17: =SUM(O12:O16) -> 46 | P17: =SUM(P12:P16) -> 46 | Q17: =SUM(Q12:Q16) -> 3 | R17: =SUM(R12:R16) -> 0 | S17: =SUM(S12:S16) -> 141 | T17: =SUM(T12:T16) -> 938 | U17: =SUM(U12:U16) -> 349 | ... AE17: =SUM(AE12:AE16) -> 0
A18: 특목 | B18: 미추홀구 | C18: 미추홀구 | D18: 공립 | E18: 공학 | F18: 인천전자마이스터고등학교 | G18: 19190 | H18: 미추홀구 석정로 165(도화동 20-6) | I18: 34530 | J18: 22100 | K18: 620-8631 | L18: 620-8607 | M18: 765-1014 | N18: 8 | O18: 8 | P18: 8 | S18: =SUM(N18:R18) -> 24 | T18: 128 | U18: 15 | V18: 114 | W18: 20 | X18: 107 | Y18: 9 | Z18: =T18+V18+X18 -> 349 | AA18: =U18+W18+Y18 -> 44 | AB18: 0 | AC18: 0 | AD18: 0 | AE18: 0
A19: 특목 계 | D19: =COUNTA(D18) -> 1 | N19: =N18 -> 8 | O19: =O18 -> 8 | P19: =P18 -> 8 | Q19: =Q18 -> 0 | R19: =R18 -> 0 | S19: =S18 -> 24 | T19: =T18 -> 128 | U19: =U18 -> 15 | ... AE19: =AE18 -> 0
A20: 미추홀구 공립 계 | E20: =D11+D17+D19 -> 11 | N20: =N11+N17+N19 -> 100 | O20: =O11+O17+O19 -> 96 | P20: =P11+P17+P19 -> 97 | Q20: =Q11+Q17+Q19 -> 16 | R20: =R11+R17+R19 -> 0 | S20: =S11+S17+S19 -> 309 | T20: =T11+T17+T19 -> 2170 | U20: =U11+U17+U19 -> 885 | ... AE20: =AE11+AE17+AE19 -> 0
A21: 일반 | B21: 미추홀구 | C21: 미추홀구 | D21: 사립 | E21: 여 | F21: 인명여자고등학교 | G21: 32569 | H21: 미추홀구 문화로 11(관교동 13-5 | I21: 12299 | J21: 22241 | K21: 439-6083 | L21: 439-6084 | M21: 424-1897 | N21: 12 | O21: 12 | P21: 12 | S21: =SUM(N21:R21) -> 36 | T21: 257 | U21: 257 | V21: 244 | W21: 244 | X21: 256 | Y21: 256 | Z21: =T21+V21+X21 -> 757 | AA21: =U21+W21+Y21 -> 757
A22: 일반 | B22: 미추홀구 | C22: 미추홀구 | D22: 사립 | E22: 남 | F22: 인하대학교사범대학부속고등학교 | G22: 26364 | H22: 미추홀구 재넘이길123번길 29(학익동 306-30) | I22: 48526 | J22: 22211 | K22: 453-9440 | L22: 453-9400 | M22: 875-1344 | N22: 8 | O22: 8 | P22: 8 | Q22: 0 | R22: 0 | S22: =SUM(N22:R22) -> 24 | T22: 173 | V22: 179 | X22: 179 | Z22: =T22+V22+X22 -> 531 | AA22: =U22+W22+Y22 -> 0
A23: 일반 | B23: 미추홀구 | C23: 미추홀구 | D23: 사립 | E23: 남 | F23: 인항고등학교 | G23: 32204 | H23: 미추홀구 매소홀로(용현5동 627-456) | I23: 17592 | J23: 22189 | K23: 885-3302 | L23: 885-3302 | M23: 887-2354 | N23: 7 | O23: 7 | P23: 7 | Q23: 0 | R23: 0 | S23: =SUM(N23:R23) -> 21 | T23: 152 | U23: 0 | V23: 153 | W23: 0 | X23: 149 | Y23: 0 | Z23: =T23+V23+X23 -> 454 | AA23: =U23+W23+Y23 -> 0 | AB23: 0 | AC23: 0 | AD23: 0 | AE23: 0
A24: 일반 계 | D24: =COUNTA(D21:D23) -> 3 | N24: =SUM(N21:N23) -> 27 | O24: =SUM(O21:O23) -> 27 | P24: =SUM(P21:P23) -> 27 | Q24: =SUM(Q21:Q23) -> 0 | R24: =SUM(R21:R23) -> 0 | S24: =SUM(S21:S23) -> 81 | T24: =SUM(T21:T23) -> 582 | U24: =SUM(U21:U23) -> 257 | ... AE24: =SUM(AE21:AE23) -> 0
A25: 특성화 | B25: 미추홀구 | C25: 미추홀구 | D25: 사립 | E25: 공학 | F25: 정석항공과학고등학교 | G25: 21610 | H25: 미추홀구 인하로 100(학익동 336-1) | I25: 25887 | J25: 22100 | K25: 867-6243 | L25: 867-6242 | M25: 874-1171 | N25: 8 | O25: 8 | P25: 8 | Q25: 0 | R25: 0 | S25: =SUM(N25:R25) -> 24 | T25: 128 | U25: 13 | V25: 124 | W25: 10 | X25: 147 | Y25: 10 | Z25: =T25+V25+X25 -> 399 | AA25: =U25+W25+Y25 -> 33 | AB25: 0 | AC25: 0 | AD25: 0 | AE25: 0
A26: 특성화 계 | D26: =COUNTA(D25) -> 1 | N26: =N25 -> 8 | O26: =O25 -> 8 | P26: =P25 -> 8 | Q26: =Q25 -> 0 | R26: =R25 -> 0 | S26: =S25 -> 24 | T26: =T25 -> 128 | U26: =U25 -> 13 | ... AE26: =AE25 -> 0
A27: 미추홀구 사립 계 | E27: =D24+D26 -> 4 | N27: =N24+N26 -> 35 | O27: =O24+O26 -> 35 | P27: =P24+P26 -> 35 | Q27: =Q24+Q26 -> 0 | R27: =R24+R26 -> 0 | S27: =S24+S26 -> 105 | T27: =T24+T26 -> 710 | U27: =U24+U26 -> 270 | ... AE27: =AE24+AE26 -> 0
A28: 미추홀구 합계 | F28: =E20+E27 -> 15 | N28: =N20+N27 -> 135 | O28: =O20+O27 -> 131 | P28: =P20+P27 -> 132 | Q28: =Q20+Q27 -> 16 | R28: =R20+R27 -> 0 | S28: =S20+S27 -> 414 | T28: =T20+T27 -> 2880 | U28: =U20+U27 -> 1155 | ... AE28: =AE20+AE27 -> 0
A29: 일반 | B29: 동구 | C29: 제물포구 | D29: 사립 | E29: 남 | F29: 동산고등학교 | G29: 14075 | H29: 동구 동산로 58(송림동 97-1) | I29: 40143 | J29: 22559 | K29: 763-7827 | L29: 763-7834 | M29: 764-7825 | N29: 7 | O29: 7 | P29: 7 | Q29: 1 | S29: =SUM(N29:R29) -> 22 | T29: 155 | V29: 153 | X29: 146 | Z29: =T29+V29+X29 -> 454 | AA29: =U29+W29+Y29 -> 0 | AB29: 6 | AD29: 0
A30: 일반 계 | D30: =COUNTA(D29) -> 1 | N30: =N29 -> 7 | O30: =O29 -> 7 | P30: =P29 -> 7 | Q30: =Q29 -> 1 | R30: =R29 -> 0 | S30: =S29 -> 22 | T30: =T29 -> 155 | U30: =U29 -> 0 | ... AE30: =AE29 -> 0
A31: 특성화 | B31: 동구 | C31: 제물포구 | D31: 사립 | E31: 여 | F31: 영화국제관광고등학교 | G31: 1892-04-30 | H31: 동구 우각로 39(창영동 36) | I31: 9788 | J31: 22564 | K31: 627-6700 | L31: 627-6665 | M31: 764-5728 | N31: 8 | O31: 8 | P31: 8 | Q31: 0 | R31: 0 | S31: =SUM(N31:R31) -> 24 | T31: 160 | U31: 160 | V31: 146 | W31: 146 | X31: 138 | Y31: 138 | Z31: =T31+V31+X31 -> 444 | AA31: =U31+W31+Y31 -> 444 | AB31: 0 | AC31: 0 | AD31: 0 | AE31: 0
A32: 특성화 | B32: 동구 | C32: 제물포구 | D32: 사립 | E32: 공학 | F32: 재능고등학교 | G32: 19896 | H32: 동구 재능로 178(송림동 122-1) | I32: 12586 | J32: 22573 | K32: 890-7600 | L32: 890-7696 | M32: 764-1178 | N32: 10 | O32: 10 | P32: 10 | Q32: 0 | R32: 0 | S32: =SUM(N32:R32) -> 30 | T32: 201 | U32: 31 | V32: 183 | W32: 20 | X32: 187 | Y32: 21 | Z32: =T32+V32+X32 -> 571 | AA32: =U32+W32+Y32 -> 72 | AB32: 0 | AC32: 0 | AD32: 0 | AE32: 0
A33: 특성화 계 | D33: =COUNTA(D31:D32) -> 2 | N33: =SUM(N31:N32) -> 18 | O33: =SUM(O31:O32) -> 18 | P33: =SUM(P31:P32) -> 18 | Q33: =SUM(Q31:Q32) -> 0 | R33: =SUM(R31:R32) -> 0 | S33: =SUM(S31:S32) -> 54 | T33: =SUM(T31:T32) -> 361 | U33: =SUM(U31:U32) -> 191 | ... AE33: =SUM(AE31:AE32) -> 0
A34: 동구 사립 계 | E34: =D30+D33 -> 3 | N34: =N30+N33 -> 25 | O34: =O30+O33 -> 25 | P34: =P30+P33 -> 25 | Q34: =Q30+Q33 -> 1 | R34: =R30+R33 -> 0 | S34: =S30+S33 -> 76 | T34: =T30+T33 -> 516 | U34: =U30+U33 -> 191 | ... AE34: =AE30+AE33 -> 0
A35: 동구 합계 | F35: =E34 -> 3 | N35: =N34 -> 25 | O35: =O34 -> 25 | P35: =P34 -> 25 | Q35: =Q34 -> 1 | R35: =R34 -> 0 | S35: =S34 -> 76 | T35: =T34 -> 516 | U35: =U34 -> 191 | ... AE35: =AE34 -> 0
A36: 일반 | B36: 옹진군 | C36: 옹진군 | D36: 공립 | E36: 공학 | F36: 대청고등학교 | G36: 28915 | H36: 대청면 대청로 244번길 116-45 | I36: 15070 | J36: 23105 | K36: 836-2013 | L36: 836-2013 | M36: 836-3013 | N36: 1 | O36: 1 | P36: 1 | S36: =SUM(N36:R36) -> 3 | T36: 6 | U36: 5 | V36: 5 | W36: 2 | X36: 7 | Y36: 0 | Z36: =T36+V36+X36 -> 18 | AA36: =U36+W36+Y36 -> 7
A37: 일반 | B37: 옹진군 | C37: 옹진군 | D37: 공립 | E37: 공학 | F37: 덕적고등학교 | G37: 29284 | H37: 옹진군 덕적면 덕적남로 15(진리 136) | I37: 18696 | J37: 23130 | K37: 832-9303 | L37: 832-9302 | M37: 832-9307 | N37: 1 | O37: 1 | P37: 1 | Q37: 1 | S37: =SUM(N37:R37) -> 4 | T37: 3 | V37: 7 | W37: 1 | X37: 1 | Y37: 1 | Z37: =T37+V37+X37 -> 11 | AA37: =U37+W37+Y37 -> 2 | AB37: 1 | AC37: 1
A38: 일반 | B38: 옹진군 | C38: 옹진군 | D38: 공립 | E38: 공학 | F38: 백령고등학교 | G38: 21702 | H38: 옹진군 백령명 백령로 708(북포리255) | I38: 19731 | J38: 23103 | K38: 836-0092 | L38: 836-0091 | M38: 836-2210 | N38: 2 | O38: 2 | P38: 2 | Q38: 1 | S38: =SUM(N38:R38) -> 7 | T38: 18 | U38: 18 | V38: 23 | W38: 12 | X38: 20 | Y38: 9 | Z38: =T38+V38+X38 -> 61 | AA38: =U38+W38+Y38 -> 39 | AB38: 3 | AC38: 1
A39: 일반 | B39: 옹진군 | C39: 옹진군 | D39: 공립 | E39: 공학 | F39: 연평고등학교 | G39: 28919 | H39: 옹진군 연평면 연평로137번길 101(연평리 437-1) | I39: 20121 | J39: 23108 | K39: 627-1819 | L39: 831-1654 | M39: 831-1655 | N39: 1 | O39: 1 | P39: 1 | S39: =SUM(N39:R39) -> 3 | T39: 3 | U39: 1 | V39: 5 | W39: 2 | X39: 1 | Y39: 1 | Z39: =T39+V39+X39 -> 9 | AA39: =U39+W39+Y39 -> 4
A40: 일반 | B40: 옹진군 | C40: 옹진군 | D40: 공립 | E40: 공학 | F40: 인천영흥고등학교 | G40: 40969 | H40: 옹진군 영흥면 내동로 107 | I40: 16924 | J40: 23118 | K40: 886-0433 | L40: 886-0436 | M40: 886-0434 | N40: 2 | O40: 2 | P40: 2 | Q40: 1 | S40: =SUM(N40:R40) -> 7 | T40: 50 | U40: 20 | V40: 37 | W40: 17 | X40: 30 | Y40: 15 | Z40: =T40+V40+X40 -> 117 | AA40: =U40+W40+Y40 -> 52 | AB40: 5 | AC40: 2
A41: 일반 계 | D41: =COUNTA(D36:D40) -> 5 | N41: =SUM(N36:N40) -> 7 | O41: =SUM(O36:O40) -> 7 | P41: =SUM(P36:P40) -> 7 | Q41: =SUM(Q36:Q40) -> 3 | R41: =SUM(R36:R40) -> 0 | S41: =SUM(S36:S40) -> 24 | T41: =SUM(T36:T40) -> 80 | U41: =SUM(U36:U40) -> 44 | ... AE41: =SUM(AE36:AE40) -> 0
A42: 옹진군 공립 계 | E42: =D41 -> 5 | N42: =N41 -> 7 | O42: =O41 -> 7 | P42: =P41 -> 7 | Q42: =Q41 -> 3 | R42: =R41 -> 0 | S42: =S41 -> 24 | T42: =T41 -> 80 | U42: =U41 -> 44 | ... AE42: =AE41 -> 0
A43: 옹진군 합계 | F43: =E42 -> 5 | N43: =N42 -> 7 | O43: =O42 -> 7 | P43: =P42 -> 7 | Q43: =Q42 -> 3 | R43: =R42 -> 0 | S43: =S42 -> 24 | T43: =T42 -> 80 | U43: =U42 -> 44 | ... AE43: =AE42 -> 0
A44: 특목 | B44: 중구 | C44: 제물포구 | D44: 국립 | E44: 공학 | F44: 인천해사고등학교 | G44: 29675 | H44: 중구 월미로 338(북성동1가 102-28) | I44: 60456 | J44: 22304 | K44: 770-1004 | L44: 770-1055 | M44: 770-1010 | N44: 6 | O44: 6 | P44: 6 | S44: =SUM(N44:R44) -> 18 | T44: 109 | U44: 12 | V44: 98 | W44: 9 | X44: 103 | Y44: 12 | Z44: =T44+V44+X44 -> 310 | AA44: =U44+W44+Y44 -> 33
A45: 특목 계 | D45: =COUNTA(D44) -> 1 | N45: =N44 -> 6 | O45: =O44 -> 6 | P45: =P44 -> 6 | Q45: =Q44 -> 0 | R45: =R44 -> 0 | S45: =S44 -> 18 | T45: =T44 -> 109 | U45: =U44 -> 12 | ... AE45: =AE44 -> 0
A46: 중구 국립 계 | E46: =D45 -> 1 | N46: =N45 -> 6 | O46: =O45 -> 6 | P46: =P45 -> 6 | Q46: =Q45 -> 0 | R46: =R45 -> 0 | S46: =S45 -> 18 | T46: =T45 -> 109 | U46: =U45 -> 12 | ... AE46: =AE45 -> 0
A47: 일반 | B47: 중구 | C47: 제물포구 | D47: 공립 | E47: 여 | F47: 인일여자고등학교 | G47: 22378 | H47: 중구 참외전로72번길 10(전동 25-4) | I47: 35365 | J47: 22310 | K47: 764-6682 | L47: 764-6681 | M47: 762-3776 | N47: 8 | O47: 8 | P47: 8 | Q47: 1 | S47: =SUM(N47:R47) -> 25 | T47: 180 | U47: 180 | V47: 194 | W47: 194 | X47: 199 | Y47: 199 | Z47: =T47+V47+X47 -> 573 | AA47: =U47+W47+Y47 -> 573 | AB47: 7 | AC47: 7
A48: 일반 | B48: 중구 | C48: 영종구 | D48: 공립 | E48: 공학 | F48: 인천공항고등학교 | G48: 37320 | H48: 중구 신도시북로 20(운서동 2709-2) | I48: 14250 | J48: 22367 | K48: 746-2362 | L48: 746-2362 | M48: 746-2364 | N48: 8 | O48: 8 | P48: 8 | Q48: 3 | R48: 0 | S48: =SUM(N48:R48) -> 27 | T48: 213 | U48: 97 | V48: 209 | W48: 87 | X48: 211 | Y48: 106 | Z48: =T48+V48+X48 -> 633 | AA48: =U48+W48+Y48 -> 290 | AB48: 11 | AC48: 3 | AD48: 0 | AE48: 0
A49: 일반 | B49: 중구 | C49: 영종구 | D49: 공립 | E49: 공학 | F49: 인천영종고등학교 | G49: 41334 | H49: 중구 영종대로 278번길 34 | I49: 15173 | J49: 22376 | K49: 745-4300 | L49: 745-4310 | M49: 746-1595 | N49: 10 | O49: 10 | P49: 11 | Q49: 2 | S49: =SUM(N49:R49) -> 33 | T49: 255 | U49: 130 | V49: 293 | W49: 142 | X49: 314 | Y49: 161 | Z49: =T49+V49+X49 -> 862 | AA49: =U49+W49+Y49 -> 433 | AB49: 9 | AC49: 5 | AD49: 0 | AE49: 0
A50: 일반 | B50: 중구 | C50: 영종구 | D50: 공립 | E50: 공학 | F50: 인천중산고등학교 | G50: 44256 | H50: 중구 은하수로 142 | I50: 15092 | J50: 22393 | K50: 456-8411 | L50: 456-8404 | M50: 752-9946 | N50: 12 | O50: 12 | P50: 11 | Q50: 2 | S50: =SUM(N50:R50) -> 37 | T50: 347 | U50: 175 | V50: 374 | W50: 190 | X50: 343 | Y50: 185 | Z50: =T50+V50+X50 -> 1064 | AA50: =U50+W50+Y50 -> 550 | AB50: 14 | AC50: 7
A51: 일반 | B51: 중구 | C51: 제물포구 | D51: 공립 | E51: 남 | F51: 제물포고등학교 | G51: 19949 | H51: 중구 자유공원로 58-9(전동 26) | I51: 57963.3 | J51: 22310 | K51: 770-4762 | L51: 770-4801 | M51: 766-9604 | N51: 7 | O51: 7 | P51: 7 | S51: 21 | T51: 148 | V51: 147 | X51: 152 | Z51: =SUM(T51:Y51) -> 447 | AA51: 0
A52: 일반 | B52: 중구 | C52: 영종구 | D52: 공립 | E52: 공학 | F52: 인천운남고등학교 | G52: 46082 | H52: 중구 찬들로284번길 30(운남동 1737-1번지) | I52: 15618 | J52: 22389 | K52: 458-1323 | L52: 458-1305 | M52: 458-6368 | N52: 10 | O52: 0 | P52: 0 | Q52: 1 | R52: 0 | S52: =SUM(N52:R52) -> 11 | T52: 282 | U52: 125 | V52: 0 | W52: 0 | X52: 0 | Y52: 0 | Z52: =T52+V52+X52 -> 282 | AA52: =U52+W52+Y52 -> 125 | AB52: 5 | AC52: 1 | AD52: 0 | AE52: 0
A53: 일반 계 | D53: =COUNTA(D47:D52) -> 6 | N53: =SUM(N47:N52) -> 55 | O53: =SUM(O47:O52) -> 45 | P53: =SUM(P47:P52) -> 45 | Q53: =SUM(Q47:Q52) -> 9 | R53: =SUM(R47:R52) -> 0 | S53: =SUM(S47:S52) -> 154 | T53: =SUM(T47:T52) -> 1425 | U53: =SUM(U47:U52) -> 707 | ... AE53: =SUM(AE47:AE52) -> 0
A54: 특성화 | B54: 중구 | C54: 영종구 | D54: 공립 | E54: 공학 | F54: 영종국제물류고등학교 | G54: 26359 | H54: 영종구 운남서로 10번길 1(운남동 1568) | I54: 15682 | J54: 22372 | K54: 746-4400 | L54: 746-0030 | M54: 746-1815 | N54: 4 | O54: 4 | P54: 4 | S54: =SUM(N54:R54) -> 12 | T54: 64 | U54: 25 | V54: 70 | W54: 33 | X54: 73 | Y54: 31 | Z54: =T54+V54+X54 -> 207 | AA54: =U54+W54+Y54 -> 89
A55: 특성화 | B55: 중구 | C55: 제물포구 | D55: 공립 | E55: 공학 | F55: 인천반도체고등학교 | G55: 34759 | H55: 인천시 중구 참외전로 192 | I55: 19756 | J55: 22319 | K55: 770-0720 | L55: 770-0720 | M55: 766-7068 | N55: 8 | O55: 8 | P55: 10 | Q55: 3 | S55: =SUM(N55:R55) -> 29 | T55: 135 | U55: 14 | V55: 126 | W55: 9 | X55: 163 | Y55: 8 | Z55: =T55+V55+X55 -> 424 | AA55: =U55+W55+Y55 -> 31 | AB55: 17 | AC55: 3
A56: 특성화 | B56: 중구 | C56: 제물포구 | D56: 공립 | E56: 여 | F56: 인천여자상업고등학교 | G56: 16539 | H56: 중구 인중로 146(신생동 25-1) | I56: 21533 | J56: 22323 | K56: 761-2352 | L56: 761-2353 | M56: 761-2355 | N56: 8 | O56: 8 | P56: 9 | Q56: 0 | R56: 0 | S56: 25 | T56: 156 | U56: 156 | V56: 142 | W56: 142 | X56: 128 | Y56: 128 | Z56: =T56+V56+X56 -> 426 | AA56: =U56+W56+Y56 -> 426 | AC56: 0
A57: 특성화 계 | D57: =COUNTA(D54:D56) -> 3 | N57: =SUM(N54:N56) -> 20 | O57: =SUM(O54:O56) -> 20 | P57: =SUM(P54:P56) -> 23 | Q57: =SUM(Q54:Q56) -> 3 | R57: =SUM(R54:R56) -> 0 | S57: =SUM(S54:S56) -> 66 | T57: =SUM(T54:T56) -> 355 | U57: =SUM(U54:U56) -> 195 | ... AE57: =SUM(AE54:AE56) -> 0
A58: 특목 | B58: 중구 | C58: 영종구 | D58: 공립 | E58: 공학 | F58: 인천과학고등학교 | G58: 34396 | H58: 중구 영종대로277번길 74-37(운서동 543-4) | I58: 41903 | J58: 22361 | K58: 746-8302 | L58: 746-8302 | M58: 745-8590 | N58: 4 | O58: 4 | P58: 4 | Q58: 0 | R58: 0 | S58: =SUM(N58:R58) -> 12 | T58: 80 | U58: 19 | V58: 81 | W58: 26 | X58: 48 | Y58: 10 | Z58: =T58+V58+X58 -> 209 | AA58: =U58+W58+Y58 -> 55 | AB58: 0 | AC58: 0 | AD58: 0 | AE58: 0
A59: 특목 | B59: 중구 | C59: 영종구 | D59: 공립 | E59: 공학 | F59: 인천국제고등학교 | G59: 39508 | H59: 중구 영종대로277번길 74-40(운서동 3077-4) | I59: 29450 | J59: 22361 | K59: 745-4500 | L59: 745-4604 | M59: 746-7510 | N59: 6 | O59: 6 | P59: 6 | S59: =SUM(N59:R59) -> 18 | T59: 142 | U59: 99 | V59: 139 | W59: 93 | X59: 125 | Y59: 91 | Z59: =T59+V59+X59 -> 406 | AA59: =U59+W59+Y59 -> 283
A60: 특목 계 | D60: =COUNTA(D58:D59) -> 2 | N60: =SUM(N58:N59) -> 10 | O60: =SUM(O58:O59) -> 10 | P60: =SUM(P58:P59) -> 10 | Q60: =SUM(Q58:Q59) -> 0 | R60: =SUM(R58:R59) -> 0 | S60: =SUM(S58:S59) -> 30 | T60: =SUM(T58:T59) -> 222 | U60: =SUM(U58:U59) -> 118 | ... AE60: =SUM(AE58:AE59) -> 0
A61: 중구 공립 계 | E61: =D53+D57+D60 -> 11 | N61: =N53+N57+N60 -> 85 | O61: =O53+O57+O60 -> 75 | P61: =P53+P57+P60 -> 78 | Q61: =Q53+Q57+Q60 -> 12 | R61: =R53+R57+R60 -> 0 | S61: =S53+S57+S60 -> 250 | T61: =T53+T57+T60 -> 2002 | U61: =U53+U57+U60 -> 1020 | ... AE61: =AE53+AE57+AE60 -> 0
A62: 일반 | B62: 중구 | C62: 제물포구 | D62: 사립 | E62: 남 | F62: 광성고등학교 | G62: 27455 | H62: 중구 참외전로244번길 47(도원동 12-73) | I62: 32305 | J62: 22327 | K62: 760-5204 | L62: 760-5237 | M62: 888-3586 | N62: 7 | O62: 7 | P62: 7 | S62: =SUM(N62:R62) -> 21 | T62: 141 | V62: 140 | X62: 152 | Z62: =T62+V62+X62 -> 433 | AA62: =U62+W62+Y62 -> 0
A63: 일반 | B63: 중구 | C63: 제물포구 | D63: 사립 | E63: 여 | F63: 인성여자고등학교 | G63: 22319 | H63: 중구 홍예문로 39(송학동2가 18-1) | I63: 12644 | J63: 22315 | K63: 762-8506 | L63: 762-8503 | M63: 764-8505 | N63: 7 | O63: 8 | P63: 8 | Q63: 0 | R63: 0 | S63: =SUM(N63:R63) -> 23 | T63: 160 | U63: 160 | V63: 192 | W63: 192 | X63: 217 | Y63: 217 | Z63: =T63+V63+X63 -> 569 | AA63: =U63+W63+Y63 -> 569 | AB63: 0 | AC63: 0 | AD63: 0 | AE63: 0
A64: 일반 계 | D64: =COUNTA(D62:D63) -> 2 | N64: =SUM(N62:N63) -> 14 | O64: =SUM(O62:O63) -> 15 | P64: =SUM(P62:P63) -> 15 | Q64: =SUM(Q62:Q63) -> 0 | R64: =SUM(R62:R63) -> 0 | S64: =SUM(S62:S63) -> 44 | T64: =SUM(T62:T63) -> 301 | U64: =SUM(U62:U63) -> 160 | ... AE64: =SUM(AE62:AE63) -> 0
A65: 특성화 | B65: 중구 | C65: 제물포구 | D65: 사립 | E65: 여 | F65: 인천중앙여자고등학교 | G65: 27089 | H65: 중구 샛골로 31(도원동 12-75) | I65: 6962.7 | J65: 22327 | K65: 883-8748 | L65: 883-8735 | M65: 885-8734 | N65: 8 | O65: 8 | P65: 8 | Q65: 0 | R65: 0 | S65: =SUM(N65:R65) -> 24 | T65: 159 | U65: 159 | V65: 142 | W65: 142 | X65: 113 | Y65: 113 | Z65: =T65+V65+X65 -> 414 | AA65: =U65+W65+Y65 -> 414 | AB65: 0 | AC65: 0 | AD65: 0 | AE65: 0
A66: 특성화 계 | D66: =COUNTA(D65) -> 1 | N66: =N65 -> 8 | O66: =O65 -> 8 | P66: =P65 -> 8 | Q66: =Q65 -> 0 | R66: =R65 -> 0 | S66: =S65 -> 24 | T66: =T65 -> 159 | U66: =U65 -> 159 | ... AE66: =AE65 -> 0
A67: 자율형 | B67: 중구 | C67: 영종구 | D67: 사립 | E67: 공학 | F67: 인천하늘고등학교 | G67: 40609 | H67: 중구 영종대로277번길 117(운서동 569) | I67: 31082 | J67: 22361 | K67: 500-1900 | L67: 500-1900 | M67: 500-1929 | N67: 8 | O67: 8 | P67: 8 | Q67: 0 | R67: 0 | S67: =SUM(N67:R67) -> 24 | T67: 227 | U67: 109 | V67: 224 | W67: 124 | X67: 215 | Y67: 117 | Z67: =T67+V67+X67 -> 666 | AA67: =U67+W67+Y67 -> 350
A68: 자율형 계 | D68: =COUNTA(D67) -> 1 | N68: =N67 -> 8 | O68: =O67 -> 8 | P68: =P67 -> 8 | Q68: =Q67 -> 0 | R68: =R67 -> 0 | S68: =S67 -> 24 | T68: =T67 -> 227 | U68: =U67 -> 109 | ... AE68: =AE67 -> 0
A69: 중구 사립 계 | E69: =D64+D66+D68 -> 4 | N69: =N64+N66+N68 -> 30 | O69: =O64+O66+O68 -> 31 | P69: =P64+P66+P68 -> 31 | Q69: =Q64+Q66+Q68 -> 0 | R69: =R64+R66+R68 -> 0 | S69: =S64+S66+S68 -> 92 | T69: =T64+T66+T68 -> 687 | U69: =U64+U66+U68 -> 428 | ... AE69: =AE64+AE66+AE68 -> 0
A70: 중구 합계 | F70: =E46+E61+E69 -> 16 | N70: =N46+N61+N69 -> 121 | O70: =O46+O61+O69 -> 112 | P70: =P46+P61+P69 -> 115 | Q70: =Q46+Q61+Q69 -> 12 | R70: =R46+R61+R69 -> 0 | S70: =S46+S61+S69 -> 360 | T70: =T46+T61+T69 -> 2798 | U70: =U46+U61+U69 -> 1460 | ... AE70: =AE46+AE61+AE69 -> 0
A71: 일반 | B71: 부평구 | C71: 부평구 | D71: 공립 | E71: 공학 | F71: 부개고등학교 | G71: 38047 | H71: 부평구 수변로 57번길 36(부개동 120-546) | I71: 13061 | J71: 21401 | K71: 722-5777 | L71: 722-5777 | M71: 330-9550 | N71: 9 | O71: 7 | P71: 7 | Q71: 1 | S71: =SUM(N71:R71) -> 24 | T71: 233 | U71: 100 | V71: 174 | W71: 74 | X71: 191 | Y71: 81 | Z71: 598 | AA71: 255 | AB71: 6 | AC71: 0
A72: 일반 | B72: 부평구 | C72: 부평구 | D72: 공립 | E72: 여 | F72: 부개여자고등학교 | G72: 35129 | H72: 부평구 부흥로 433(부개동 501-11) | I72: 11152 | J72: 21350 | K72: 510-6700 | L72: 510-6700 | M72: 361-4744 | N72: 7 | O72: 7 | P72: 7 | Q72: 1 | S72: =SUM(N72:R72) -> 22 | T72: 140 | U72: 140 | V72: 164 | W72: 164 | X72: 135 | Y72: 135 | Z72: =T72+V72+X72 -> 439 | AA72: =U72+W72+Y72 -> 439 | AB72: 3 | AC72: 3
A73: 일반 | B73: 부평구 | C73: 부평구 | D73: 공립 | E73: 남 | F73: 부광고등학교 | G73: 34759 | H73: 부평구 화랑로 28(산곡동 310-30번지) | I73: 17420 | J73: 21383 | K73: 500-9114 | L73: 500-9100 | M73: 521-6035 | N73: 7 | O73: 7 | P73: 7 | Q73: 2 | S73: =SUM(N73:R73) -> 23 | T73: 167 | V73: 187 | X73: 192 | Z73: =T73+V73+X73 -> 546 | AA73: =U73+W73+Y73 -> 0 | AB73: 14
A74: 일반 | B74: 부평구 | C74: 부평구 | D74: 공립 | E74: 여 | F74: 부광여자고등학교 | G74: 32203 | H74: 부평구 충선로 143(부개동 19-6) | I74: 13567 | J74: 21352 | K74: 526-3215 | L74: 526-3214 | M74: 505-8091 | N74: 7 | O74: 7 | P74: 7 | Q74: 1 | R74: 0 | S74: =SUM(N74:R74) -> 22 | T74: 183 | U74: 183 | V74: 177 | W74: 177 | X74: 186 | Y74: 186 | Z74: =T74+V74+X74 -> 546 | AA74: =U74+W74+Y74 -> 546 | AB74: 5 | AC74: 5 | AD74: 0 | AE74: 0
A75: 일반 | B75: 부평구 | C75: 부평구 | D75: 공립 | E75: 남 | F75: 부평고등학교 | G75: 26364 | H75: 부평구 부흥북로 43(부평동 10-312) | I75: 20557 | J75: 21356 | K75: 526-3204 | L75: 526-3204 | M75: 515-0782 | N75: 8 | O75: 8 | P75: 8 | Q75: 1 | R75: 0 | S75: =SUM(N75:R75) -> 25 | T75: 192 | V75: 201 | X75: 200 | Z75: =T75+V75+X75 -> 593 | AA75: =U75+W75+Y75 -> 0 | AB75: 7 | AD75: 0 | AE75: 0
A76: 일반 | B76: 부평구 | C76: 부평구 | D76: 공립 | E76: 여 | F76: 부평여자고등학교 | G76: 30011 | H76: 부평구 부흥로243번길 44(부평동 65-147) | I76: 21527 | J76: 21378 | K76: 526-6431 | L76: 526-6432 | M76: 514-5431 | N76: 7 | O76: 7 | P76: 7 | Q76: 2 | R76: 0 | S76: =SUM(N76:R76) -> 23 | T76: 180 | U76: 180 | V76: 193 | W76: 193 | X76: 191 | Y76: 191 | Z76: =T76+V76+X76 -> 564 | AA76: =U76+W76+Y76 -> 564 | AB76: 14 | AC76: 14 | AD76: 0 | AE76: 0
A77: 일반 | B77: 부평구 | C77: 부평구 | D77: 공립 | E77: 공학 | F77: 삼산고등학교 | G77: 36951 | H77: 부평구 영성중로 54(삼산동 391-2) | I77: 11974 | J77: 21319 | K77: 512-9514 | L77: 511-8295 | M77: 512-9515 | N77: 9 | O77: 7 | P77: 8 | Q77: 2 | S77: =SUM(N77:R77) -> 26 | T77: 223 | U77: 122 | V77: 197 | W77: 112 | X77: 219 | Y77: 113 | Z77: =T77+V77+X77 -> 639 | AA77: =U77+W77+Y77 -> 347 | AB77: 14 | AC77: 2
A78: 일반 | B78: 부평구 | C78: 부평구 | D78: 공립 | E78: 공학 | F78: 인천부흥고등학교 | G78: 38387 | H78: 부평구 수변로 57번길 61(부개동120-547) | I78: 13039 | J78: 21401 | K78: 627-5706 | L78: 505-9052 | M78: 505-9527 | N78: 7 | O78: 7 | P78: 7 | Q78: 1 | S78: =SUM(N78:R78) -> 22 | T78: 178 | U78: 97 | V78: 188 | W78: 85 | X78: 195 | Y78: 88 | Z78: =T78+V78+X78 -> 561 | AA78: =U78+W78+Y78 -> 270 | AB78: 6 | AC78: 0
A79: 일반 | B79: 부평구 | C79: 부평구 | D79: 공립 | E79: 공학 | F79: 인천산곡고등학교 | G79: 38777 | H79: 부평구 원적로416번길 25(산곡동 137-2) | I79: 11955 | J79: 21377 | K79: 508-8402 | L79: 508-8401 | M79: 508-8871 | N79: 9 | O79: 7 | P79: 8 | Q79: 2 | R79: 0 | S79: =SUM(N79:R79) -> 26 | T79: 223 | U79: 100 | V79: 184 | W79: 79 | X79: 229 | Y79: 114 | Z79: =T79+V79+X79 -> 636 | AA79: =U79+W79+Y79 -> 293 | AB79: 13 | AC79: 0 | AD79: 0 | AE79: 0
A80: 일반 | B80: 부평구 | C80: 부평구 | D80: 공립 | E80: 남 | F80: 인천상정고등학교 | G80: 39873 | H80: 부평구 경원대로 1109(십정동 136-4) | I80: 13784 | J80: 21447 | K80: 714-8600 | L80: 714-8500 | M80: 714-8518 | N80: 7 | O80: 7 | P80: 7 | Q80: 1 | S80: =SUM(N80:R80) -> 22 | T80: 169 | V80: 188 | X80: 189 | Z80: =T80+V80+X80 -> 546 | AA80: =U80+W80+Y80 -> 0 | AB80: 3
